UID,GID,JobIDRaw,Group,Account,JobName,TimelimitRaw,Submit,Start,End,State,ExitCode,ReservationId,Reservation,Priority,Eligible,Constraints,SystemCPU,CPUTimeRAW,ElapsedRaw,Layout,NTasks,QOSREQ,QOS,Restarts,WorkDir,ConsumedEnergyRaw,FailedNode,AveDiskRead,AveDiskWrite,MaxDiskRead,MaxDiskWrite,Partition,Reason,Suspended,AllocNodes,AveRSS,MaxRSS,DerivedExitCode,AveVMSize,MaxVMSize,ReqMem,ReqNodes,NNodes,Planned,PlannedCPURAW,NCPUS,UserCPU,ReqCPUS,TotalCPU,TRESUsageInTot,TRESUsageOutTot,ReqTRES,AllocTRES,TRESUsageInMax,TRESUsageOutMax,Flags,Comment,SystemComment,AdminComment
7391,15402,20,ezy,stf002,interactive,60,2021-10-11T01:04:58,2021-10-11T01:06:15,2021-10-11T01:06:50,FAILED,116:0,,,1,2021-10-11T01:04:58,,00:00:00,3584000,35,,,,normal,0,/autofs/nccs-svm1_home2/ezy/borg_mpi,,,,,,,batch,PartitionNodeLimit,00:00:00,800,,,0:116,,,800M,800,800,00:01:17,61600,102400,00:00:00,800,00:00:00,,,billing=800;cpu=800;mem=800M;node=800,billing=102400;cpu=102400;node=800,,,SchedMain,,,
7391,15402,21,ezy,stf002,interactive,60,2021-10-11T01:09:38,2021-10-11T01:09:38,2021-10-11T01:10:33,FAILED,105:0,,,1,2021-10-11T01:09:38,,00:00:00,5632000,55,,,,normal,0,/autofs/nccs-svm1_home2/ezy/borg_mpi,,,,,,,batch,None,00:00:00,800,,,0:105,,,800M,800,800,00:00:00,0,102400,00:00:00,800,00:00:00,,,billing=800;cpu=800;mem=800M;node=800,billing=102400;cpu=102400;node=800,,,SchedSubmit,,,
7391,15402,22,ezy,stf002,interactive,60,2021-10-11T01:17:35,2021-10-11T01:17:35,2021-10-11T01:18:30,FAILED,105:0,,,1,2021-10-11T01:17:35,,00:00:00,5632000,55,,,,normal,0,/autofs/nccs-svm1_home2/ezy/borg_mpi,,,,,,,batch,Prolog,00:00:00,800,,,0:105,,,800M,800,800,00:00:00,0,102400,00:00:00,800,00:00:00,,,billing=800;cpu=800;mem=800M;node=800,billing=102400;cpu=102400;node=800,,,SchedSubmit,,,
7391,15402,23,ezy,stf002,interactive,60,2021-10-11T01:23:49,2021-10-11T01:23:49,2021-10-11T01:24:44,FAILED,105:0,,,1,2021-10-11T01:23:49,,00:00:00,5632000,55,,,,normal,0,/autofs/nccs-svm1_home2/ezy/borg_mpi,,,,,,,batch,None,00:00:00,800,,,0:105,,,800M,800,800,00:00:00,0,102400,00:00:00,800,00:00:00,,,billing=800;cpu=800;mem=800M;node=800,billing=102400;cpu=102400;node=800,,,SchedSubmit,,,
7391,15402,24,ezy,stf002,interactive,60,2021-10-11T01:24:36,2021-10-11T01:24:52,2021-10-11T01:27:43,COMPLETED,0:0,,,1,2021-10-11T01:24:36,,00:00:00,17510400,171,,,,normal,0,/autofs/nccs-svm1_home2/ezy,,,,,,,batch,None,00:00:00,800,,,0:15,,,800M,800,800,00:00:16,12800,102400,00:00:00,800,00:00:00,,,billing=800;cpu=800;mem=800M;node=800,billing=102400;cpu=102400;node=800,,,SchedMain,,,
7391,15402,25,ezy,stf002,interactive,60,2021-10-11T01:38:19,2021-10-11T01:38:19,2021-10-11T01:38:54,COMPLETED,0:0,,,1,2021-10-11T01:38:19,,00:00:00,3584000,35,,,,normal,0,/autofs/nccs-svm1_home2/ezy,,,,,,,batch,None,00:00:00,800,,,0:0,,,800M,800,800,00:00:00,0,102400,00:00:00,800,00:00:00,,,billing=800;cpu=800;mem=800M;node=800,billing=102400;cpu=102400;node=800,,,SchedSubmit,,,
58707,1504,2965,mcmahon,ven113,runit.sh,10,2021-10-11T07:50:52,2021-10-11T07:50:53,2021-10-11T07:50:55,COMPLETED,0:0,,,1,2021-10-11T07:50:52,,00:00:00,512,2,,,,normal,0,/autofs/nccs-svm1_home1/mcmahon/mpi_tests,,,,,,,batch,None,00:00:00,2,,,0:0,,,2M,2,2,00:00:01,2,256,00:00:00,2,00:00:00,,,billing=2;cpu=2;mem=2M;node=2,billing=256;cpu=256;node=2,,,SchedMain,,,
58707,1504,2966,mcmahon,ven113,interactive,60,2021-10-11T07:52:16,2021-10-11T07:52:16,2021-10-11T08:51:47,COMPLETED,0:0,,,1,2021-10-11T07:52:16,,00:00:00,914176,3571,,,,normal,0,/autofs/nccs-svm1_home1/mcmahon/mpi_tests,,,,,,,batch,None,00:00:00,2,,,0:0,,,2M,2,2,00:00:00,0,256,00:00:00,2,00:00:00,,,billing=2;cpu=2;mem=2M;node=2,billing=256;cpu=256;node=2,,,SchedSubmit,,,
58707,1504,2967,mcmahon,ven113,run_hpl,60,2021-10-11T08:52:05,2021-10-11T08:52:06,2021-10-11T08:53:42,COMPLETED,0:0,,,1,2021-10-11T08:52:05,,00:00:00,12288,96,,,,normal,0,/autofs/nccs-svm1_home1/mcmahon/rocHPL.lockhart440/run_scripts_rowmajor,,,,,,,batch,None,00:00:00,1,,,127:0,,,1M,1,1,00:00:01,64,128,00:00:00,64,00:00:00,,,billing=64;cpu=64;mem=1M;node=1,billing=128;cpu=128;node=1,,,SchedMain,,,
58707,1504,2968,mcmahon,ven113,run_hpl,60,2021-10-11T08:55:30,2021-10-11T08:55:31,2021-10-11T08:57:08,COMPLETED,0:0,,,1,2021-10-11T08:55:30,,00:00:00,12416,97,,,,normal,0,/autofs/nccs-svm1_home1/mcmahon/rocHPL.lockhart440/run_scripts_rowmajor,,,,,,,batch,None,00:00:00,1,,,127:0,,,1M,1,1,00:00:01,64,128,00:00:00,64,00:00:00,,,billing=64;cpu=64;mem=1M;node=1,billing=128;cpu=128;node=1,,,SchedMain,,,
58707,1504,2969,mcmahon,ven113,build_hpl,60,2021-10-11T09:00:13,2021-10-11T09:00:13,2021-10-11T09:00:28,COMPLETED,0:0,,,1,2021-10-11T09:00:13,,00:00:00,1920,15,,,,normal,0,/autofs/nccs-svm1_home1/mcmahon/rocHPL.lockhart440,,,,,,,batch,None,00:00:00,1,,,0:0,,,1M,1,1,00:00:00,0,128,00:00:00,64,00:00:00,,,billing=64;cpu=64;mem=1M;node=1,billing=128;cpu=128;node=1,,,SchedMain,,,
58707,1504,2970,mcmahon,ven113,build_hpl,60,2021-10-11T09:07:49,2021-10-11T09:07:49,2021-10-11T09:08:01,COMPLETED,0:0,,,1,2021-10-11T09:07:49,,00:00:00,1536,12,,,,normal,0,/autofs/nccs-svm1_home1/mcmahon/rocHPL.lockhart440,,,,,,,batch,None,00:00:00,1,,,0:0,,,1M,1,1,00:00:00,0,128,00:00:00,64,00:00:00,,,billing=64;cpu=64;mem=1M;node=1,billing=128;cpu=128;node=1,,,SchedMain,,,
58707,1504,2971,mcmahon,ven113,interactive,60,2021-10-11T09:09:48,2021-10-11T09:09:48,2021-10-11T10:09:11,COMPLETED,0:0,,,1,2021-10-11T09:09:48,,00:00:00,912128,3563,,,,normal,0,/autofs/nccs-svm1_home1/mcmahon/extra_sw,,,,,,,batch,None,00:00:00,2,,,0:0,,,2M,2,2,00:00:00,0,256,00:00:00,2,00:00:00,,,billing=2;cpu=2;mem=2M;node=2,billing=256;cpu=256;node=2,,,SchedSubmit,,,
58707,1504,2972,mcmahon,ven113,run_hpl,60,2021-10-11T09:49:03,2021-10-11T09:49:03,2021-10-11T09:50:44,CANCELLED by 58707,0:0,,,1,2021-10-11T09:49:03,,00:00:00,12928,101,,,,normal,0,/autofs/nccs-svm1_home1/mcmahon/rocHPL.lockhart440/run_scripts_rowmajor,,,,,,,batch,None,00:00:00,1,,,0:15,,,1M,1,1,00:00:00,0,128,00:00:00,64,00:00:00,,,billing=64;cpu=64;mem=1M;node=1,billing=128;cpu=128;node=1,,,SchedMain,,,
58707,1504,2973,mcmahon,ven113,interactive,60,2021-10-11T10:13:06,2021-10-11T10:13:06,2021-10-11T10:49:24,COMPLETED,0:0,,,1,2021-10-11T10:13:06,,00:00:00,17842176,2178,,,,normal,0,/autofs/nccs-svm1_home1/mcmahon,,,,,,,batch,None,00:00:00,64,,,0:11,,,64M,64,64,00:00:00,0,8192,00:00:00,64,00:00:00,,,billing=64;cpu=64;mem=64M;node=64,billing=8192;cpu=8192;node=64,,,SchedSubmit,,,
58467,100,2974,users,ven113,interactive,60,2021-10-11T10:16:34,2021-10-11T10:16:34,2021-10-11T10:19:09,COMPLETED,0:0,,,1,2021-10-11T10:16:34,nvme,00:00:00,19840,155,,,,normal,0,/autofs/nccs-svm1_home1/glenski,,,,,,,batch,None,00:00:00,1,,,0:0,,,1M,1,1,00:00:00,0,128,00:00:00,1,00:00:00,,,billing=1;cpu=1;mem=1M;node=1,billing=128;cpu=128;node=1,,,SchedSubmit,,,
58707,29168,2975,ven113_hpl,ven113,build_hpl,60,2021-10-11T11:20:31,2021-10-11T11:20:31,2021-10-11T11:20:42,COMPLETED,0:0,,,1,2021-10-11T11:20:31,,00:00:00,1408,11,,,,normal,0,/autofs/nccs-svm1_home1/mcmahon/rocHPL.lockhart440,,,,,,,batch,None,00:00:00,1,,,0:0,,,1M,1,1,00:00:00,0,128,00:00:00,64,00:00:00,,,billing=64;cpu=64;mem=1M;node=1,billing=128;cpu=128;node=1,,,SchedMain,,,
58707,29168,2976,ven113_hpl,ven113,build_hpl,60,2021-10-11T11:22:15,2021-10-11T11:22:15,2021-10-11T11:22:29,COMPLETED,0:0,,,1,2021-10-11T11:22:15,,00:00:00,1792,14,,,,normal,0,/autofs/nccs-svm1_home1/mcmahon/rocHPL.lockhart440,,,,,,,batch,None,00:00:00,1,,,0:0,,,1M,1,1,00:00:00,0,128,00:00:00,64,00:00:00,,,billing=64;cpu=64;mem=1M;node=1,billing=128;cpu=128;node=1,,,SchedBackfill,,,
63064,4068,2977,kmcmahon,ven113,bisec_grp,60,2021-10-11T11:28:44,2021-10-11T11:28:44,2021-10-11T11:29:09,COMPLETED,0:0,,,1,2021-10-11T11:28:44,,00:00:00,51200,25,,,,normal,0,/autofs/nccs-svm1_home1/kmcmahon/Benchmarks/SYSTEM_TEST,,,,,,,batch,None,00:00:00,16,,,0:0,,,16M,16,16,00:00:00,0,2048,00:00:00,16,00:00:00,,,billing=16;cpu=16;mem=16M;node=16,billing=2048;cpu=2048;node=16,,,SchedMain,,,
58707,29168,2978,ven113_hpl,ven113,interactive,60,2021-10-11T11:30:37,2021-10-11T11:30:37,2021-10-11T11:32:29,COMPLETED,0:0,,,1,2021-10-11T11:30:37,,00:00:00,28672,112,,,,normal,0,/autofs/nccs-svm1_home1/mcmahon/rocHPL.lockhart440,,,,,,,batch,None,00:00:00,2,,,0:0,,,2M,2,2,00:00:00,0,256,00:00:00,2,00:00:00,,,billing=2;cpu=2;mem=2M;node=2,billing=256;cpu=256;node=2,,,SchedSubmit,,,
63064,4068,2979,kmcmahon,ven113,interactive,60,2021-10-11T11:32:01,2021-10-11T11:32:01,2021-10-11T11:34:57,COMPLETED,0:0,,,1,2021-10-11T11:32:01,,00:00:00,360448,176,,,,normal,0,/autofs/nccs-svm1_home1/kmcmahon/Benchmarks/SYSTEM_TEST,,,,,,,batch,None,00:00:00,16,,,0:0,,,16M,16,16,00:00:00,0,2048,00:00:00,16,00:00:00,,,billing=16;cpu=16;mem=16M;node=16,billing=2048;cpu=2048;node=16,,,SchedSubmit,,,
58707,29168,2980,ven113_hpl,ven113,interactive,60,2021-10-11T11:32:45,2021-10-11T11:32:45,2021-10-11T11:54:52,FAILED,2:0,,,1,2021-10-11T11:32:45,,00:00:00,339712,1327,,,,normal,0,/autofs/nccs-svm1_home1/mcmahon/rocHPL.lockhart440,,,,,,,batch,None,00:00:00,2,,,130:0,,,2M,2,2,00:00:00,0,256,00:00:00,2,00:00:00,,,billing=2;cpu=2;mem=2M;node=2,billing=256;cpu=256;node=2,,,SchedSubmit,,,
63064,4068,2981,kmcmahon,ven113,bisec_grp,60,2021-10-11T11:51:53,2021-10-11T11:51:53,2021-10-11T11:53:04,COMPLETED,0:0,,,1,2021-10-11T11:51:53,,00:00:00,145408,71,,,,normal,0,/autofs/nccs-svm1_home1/kmcmahon/Benchmarks/SYSTEM_TEST,,,,,,,batch,None,00:00:00,16,,,0:0,,,16M,16,16,00:00:00,0,2048,00:00:00,16,00:00:00,,,billing=16;cpu=16;mem=16M;node=16,billing=2048;cpu=2048;node=16,,,SchedMain,,,
63064,4068,2982,kmcmahon,ven113,bisec_grp,60,2021-10-11T11:55:45,2021-10-11T11:55:45,2021-10-11T11:56:59,COMPLETED,0:0,,,1,2021-10-11T11:55:45,,00:00:00,606208,74,,,,normal,0,/autofs/nccs-svm1_home1/kmcmahon/Benchmarks/SYSTEM_TEST,,,,,,,batch,None,00:00:00,64,,,0:0,,,64M,64,64,00:00:00,0,8192,00:00:00,64,00:00:00,,,billing=64;cpu=64;mem=64M;node=64,billing=8192;cpu=8192;node=64,,,SchedMain,,,
58707,29168,2983,ven113_hpl,ven113,run_hpl,60,2021-10-11T11:56:48,2021-10-11T11:56:49,2021-10-11T11:58:30,COMPLETED,0:0,,,1,2021-10-11T11:56:48,,00:00:00,12928,101,,,,normal,0,/autofs/nccs-svm1_home1/mcmahon/rocHPL.lockhart440/run_scripts_rowmajor,,,,,,,batch,None,00:00:00,1,,,127:0,,,1M,1,1,00:00:01,64,128,00:00:00,64,00:00:00,,,billing=64;cpu=64;mem=1M;node=1,billing=128;cpu=128;node=1,,,SchedMain,,,
63064,4068,2984,kmcmahon,ven113,bisec_grp,60,2021-10-11T11:57:54,2021-10-11T11:57:55,2021-10-11T11:58:02,FAILED,15:0,,,1,2021-10-11T11:57:54,,00:00:00,114688,7,,,,normal,0,/autofs/nccs-svm1_home1/kmcmahon/Benchmarks/SYSTEM_TEST,,,,,,,batch,None,00:00:00,128,,,0:15,,,128M,128,128,00:00:01,128,16384,00:00:00,128,00:00:00,,,billing=128;cpu=128;mem=128M;node=128,billing=16384;cpu=16384;node=128,,,SchedMain,,,
63064,4068,2985,kmcmahon,ven113,interactive,60,2021-10-11T12:01:08,2021-10-11T12:01:08,2021-10-11T12:02:43,COMPLETED,0:0,,,1,2021-10-11T12:01:08,,00:00:00,1556480,95,,,,normal,0,/autofs/nccs-svm1_home1/kmcmahon/Benchmarks/SYSTEM_TEST,,,,,,,batch,None,00:00:00,128,,,0:15,,,128M,128,128,00:00:00,0,16384,00:00:00,128,00:00:00,,,billing=128;cpu=128;mem=128M;node=128,billing=16384;cpu=16384;node=128,,,SchedSubmit,,,
63064,4068,2986,kmcmahon,ven113,interactive,60,2021-10-11T12:02:55,2021-10-11T12:02:55,2021-10-11T12:03:09,COMPLETED,0:0,,,1,2021-10-11T12:02:55,,00:00:00,458752,14,,,,normal,0,/autofs/nccs-svm1_home1/kmcmahon/Benchmarks/SYSTEM_TEST,,,,,,,batch,None,00:00:00,256,,,0:0,,,256M,256,256,00:00:00,0,32768,00:00:00,256,00:00:00,,,billing=256;cpu=256;mem=256M;node=256,billing=32768;cpu=32768;node=256,,,SchedSubmit,,,
63064,4068,2987,kmcmahon,ven113,bisec_grp,60,2021-10-11T12:03:58,2021-10-11T12:03:58,2021-10-11T12:04:05,FAILED,15:0,,,1,2021-10-11T12:03:58,,00:00:00,114688,7,,,,normal,0,/autofs/nccs-svm1_home1/kmcmahon/Benchmarks/SYSTEM_TEST,,,,,,,batch,None,00:00:00,128,,,0:15,,,128M,128,128,00:00:00,0,16384,00:00:00,128,00:00:00,,,billing=128;cpu=128;mem=128M;node=128,billing=16384;cpu=16384;node=128,,,SchedBackfill,,,
63064,4068,2988,kmcmahon,ven113,bisec_grp,60,2021-10-11T12:05:07,2021-10-11T12:05:07,2021-10-11T12:05:10,FAILED,15:0,,,1,2021-10-11T12:05:07,,00:00:00,49152,3,,,,normal,0,/autofs/nccs-svm1_home1/kmcmahon/Benchmarks/SYSTEM_TEST,,,,,,,batch,NonZeroExitCode,00:00:00,128,,,0:15,,,128M,128,128,00:00:00,0,16384,00:00:00,128,00:00:00,,,billing=128;cpu=128;mem=128M;node=128,billing=16384;cpu=16384;node=128,,,SchedMain,,,
58707,29168,2989,ven113_hpl,ven113,run_hpl,60,2021-10-11T12:05:27,2021-10-11T12:05:28,2021-10-11T12:07:51,COMPLETED,0:0,,,1,2021-10-11T12:05:27,,00:00:00,18304,143,,,,normal,0,/autofs/nccs-svm1_home1/mcmahon/rocHPL.lockhart440/run_scripts_rowmajor,,,,,,,batch,None,00:00:00,1,,,127:0,,,1M,1,1,00:00:01,64,128,00:00:00,64,00:00:00,,,billing=64;cpu=64;mem=1M;node=1,billing=128;cpu=128;node=1,,,SchedMain,,,
63064,4068,2990,kmcmahon,ven113,bisec_grp,60,2021-10-11T12:05:50,2021-10-11T12:05:51,2021-10-11T12:05:54,FAILED,15:0,,,1,2021-10-11T12:05:50,,00:00:00,49152,3,,,,normal,0,/autofs/nccs-svm1_home1/kmcmahon/Benchmarks/SYSTEM_TEST,,,,,,,batch,None,00:00:00,128,,,0:15,,,128M,128,128,00:00:01,128,16384,00:00:00,128,00:00:00,,,billing=128;cpu=128;mem=128M;node=128,billing=16384;cpu=16384;node=128,,,SchedMain,,,
58707,29168,2991,ven113_hpl,ven113,build_hpl,60,2021-10-11T12:06:19,2021-10-11T12:06:20,2021-10-11T12:06:36,COMPLETED,0:0,,,1,2021-10-11T12:06:19,,00:00:00,2048,16,,,,normal,0,/autofs/nccs-svm1_home1/mcmahon/rocHPL.lockhart440,,,,,,,batch,None,00:00:00,1,,,0:0,,,1M,1,1,00:00:01,64,128,00:00:00,64,00:00:00,,,billing=64;cpu=64;mem=1M;node=1,billing=128;cpu=128;node=1,,,SchedMain,,,
58707,29168,2992,ven113_hpl,ven113,build_hpl,60,2021-10-11T12:06:45,2021-10-11T12:06:46,2021-10-11T12:07:01,COMPLETED,0:0,,,1,2021-10-11T12:06:45,,00:00:00,1920,15,,,,normal,0,/autofs/nccs-svm1_home1/mcmahon/rocHPL.lockhart440,,,,,,,batch,None,00:00:00,1,,,0:0,,,1M,1,1,00:00:01,64,128,00:00:00,64,00:00:00,,,billing=64;cpu=64;mem=1M;node=1,billing=128;cpu=128;node=1,,,SchedMain,,,
63064,4068,2993,kmcmahon,ven113,interactive,60,2021-10-11T12:07:17,2021-10-11T12:07:17,2021-10-11T12:09:41,COMPLETED,0:0,,,1,2021-10-11T12:07:17,,00:00:00,18432,144,,,,normal,0,/autofs/nccs-svm1_home1/kmcmahon/Benchmarks/SYSTEM_TEST,,,,,,,batch,None,00:00:00,1,,,0:0,,,1M,1,1,00:00:00,0,128,00:00:00,1,00:00:00,,,billing=1;cpu=1;mem=1M;node=1,billing=128;cpu=128;node=1,,,SchedSubmit,,,
58707,29168,2994,ven113_hpl,ven113,build_hpl,60,2021-10-11T12:10:16,2021-10-11T12:10:16,2021-10-11T12:10:31,COMPLETED,0:0,,,1,2021-10-11T12:10:16,,00:00:00,1920,15,,,,normal,0,/autofs/nccs-svm1_home1/mcmahon/rocHPL.lockhart440,,,,,,,batch,None,00:00:00,1,,,0:0,,,1M,1,1,00:00:00,0,128,00:00:00,64,00:00:00,,,billing=64;cpu=64;mem=1M;node=1,billing=128;cpu=128;node=1,,,SchedMain,,,
63064,4068,2995,kmcmahon,ven113,bisec_grp,60,2021-10-11T12:10:19,2021-10-11T12:10:20,2021-10-11T12:21:17,COMPLETED,0:0,,,1,2021-10-11T12:10:19,,00:00:00,10764288,657,,,,normal,0,/autofs/nccs-svm1_home1/kmcmahon/Benchmarks/SYSTEM_TEST,,,,,,,batch,None,00:00:00,128,,,0:0,,,128M,128,128,00:00:01,128,16384,00:00:00,128,00:00:00,,,billing=128;cpu=128;mem=128M;node=128,billing=16384;cpu=16384;node=128,,,SchedMain,,,
58707,29168,2996,ven113_hpl,ven113,interactive,60,2021-10-11T12:11:36,2021-10-11T12:11:36,2021-10-11T13:08:55,COMPLETED,0:0,,,1,2021-10-11T12:11:36,,00:00:00,880384,3439,,,,normal,0,/autofs/nccs-svm1_home1/mcmahon/rocHPL.lockhart440,,,,,,,batch,None,00:00:00,2,,,0:0,,,2M,2,2,00:00:00,0,256,00:00:00,2,00:00:00,,,billing=2;cpu=2;mem=2M;node=2,billing=256;cpu=256;node=2,,,SchedSubmit,,,
63064,4068,2997,kmcmahon,ven113,bisec_grp,60,2021-10-11T12:21:46,2021-10-11T12:21:47,2021-10-11T12:34:14,COMPLETED,0:0,,,1,2021-10-11T12:21:46,,00:00:00,24477696,747,,,,normal,0,/autofs/nccs-svm1_home1/kmcmahon/Benchmarks/SYSTEM_TEST,,,,,,,batch,None,00:00:00,256,,,0:15,,,256M,256,256,00:00:01,256,32768,00:00:00,256,00:00:00,,,billing=256;cpu=256;mem=256M;node=256,billing=32768;cpu=32768;node=256,,,SchedMain,,,
58707,29168,2998,ven113_hpl,ven113,run_hpl,60,2021-10-11T12:26:10,2021-10-11T12:26:10,2021-10-11T12:36:39,COMPLETED,0:0,,,1,2021-10-11T12:26:10,,00:00:00,80512,629,,,,normal,0,/autofs/nccs-svm1_home1/mcmahon/rocHPL.lockhart440/run_scripts_rowmajor,,,,,,,batch,None,00:00:00,1,,,0:0,,,1M,1,1,00:00:00,0,128,00:00:00,64,00:00:00,,,billing=64;cpu=64;mem=1M;node=1,billing=128;cpu=128;node=1,,,SchedMain,,,
63064,4068,2999,kmcmahon,ven113,interactive,60,2021-10-11T12:45:05,2021-10-11T12:45:05,2021-10-11T12:47:19,COMPLETED,0:0,,,1,2021-10-11T12:45:05,,00:00:00,34304,134,,,,normal,0,/autofs/nccs-svm1_home1/kmcmahon/Benchmarks/SYSTEM_TEST,,,,,,,batch,None,00:00:00,2,,,0:0,,,2M,2,2,00:00:00,0,256,00:00:00,2,00:00:00,,,billing=2;cpu=2;mem=2M;node=2,billing=256;cpu=256;node=2,,,SchedSubmit,,,
58707,29168,3000,ven113_hpl,ven113,bynode,240,2021-10-11T12:48:00,2021-10-11T12:48:01,2021-10-11T12:49:36,COMPLETED,0:0,,,1,2021-10-11T12:48:00,,00:00:00,48640,95,,,,normal,0,/autofs/nccs-svm1_home1/mcmahon/rocHPL.lockhart440/bynode,,,,,,,batch,None,00:00:00,4,,,0:0,,,4M,4,4,00:00:01,256,512,00:00:00,256,00:00:00,,,billing=256;cpu=256;mem=4M;node=4,billing=512;cpu=512;node=4,,,SchedMain,,,
58707,29168,3001,ven113_hpl,ven113,bynode,240,2021-10-11T12:49:26,2021-10-11T12:49:26,2021-10-11T12:57:51,NODE_FAIL,0:0,,,1,2021-10-11T12:49:26,,00:00:00,8273920,505,,,,normal,0,/autofs/nccs-svm1_home1/mcmahon/rocHPL.lockhart440/bynode,,,,,,,batch,Prolog,00:00:00,128,,,127:0,,,128M,128,128,00:00:00,0,16384,00:00:00,8192,00:00:00,,,billing=8192;cpu=8192;mem=128M;node=128,billing=16384;cpu=16384;node=128,,,SchedMain,,,
58707,29168,3002,ven113_hpl,ven113,bynode,240,2021-10-11T12:49:28,2021-10-11T12:49:29,2021-10-11T12:56:37,NODE_FAIL,0:0,,,1,2021-10-11T12:49:28,,00:00:00,7012352,428,,,,normal,0,/autofs/nccs-svm1_home1/mcmahon/rocHPL.lockhart440/bynode,,,,,,,batch,None,00:00:00,128,,,0:0,,,128M,128,128,00:00:01,8192,16384,00:00:00,8192,00:00:00,,,billing=8192;cpu=8192;mem=128M;node=128,billing=16384;cpu=16384;node=128,,,SchedMain,,,
58707,29168,3003,ven113_hpl,ven113,bynode,240,2021-10-11T12:49:38,2021-10-11T12:49:38,2021-10-11T12:56:37,NODE_FAIL,0:0,,,1,2021-10-11T12:49:38,,00:00:00,6864896,419,,,,normal,0,/autofs/nccs-svm1_home1/mcmahon/rocHPL.lockhart440/bynode,,,,,,,batch,None,00:00:00,128,,,0:12,,,128M,128,128,00:00:00,0,16384,00:00:00,8192,00:00:00,,,billing=8192;cpu=8192;mem=128M;node=128,billing=16384;cpu=16384;node=128,,,SchedMain,,,
58707,29168,3004,ven113_hpl,ven113,bynode,240,2021-10-11T12:49:39,2021-10-11T12:49:41,2021-10-11T12:56:37,NODE_FAIL,0:0,,,1,2021-10-11T12:49:39,,00:00:00,6815744,416,,,,normal,0,/autofs/nccs-svm1_home1/mcmahon/rocHPL.lockhart440/bynode,,,,,,,batch,None,00:00:00,128,,,0:12,,,128M,128,128,00:00:02,16384,16384,00:00:00,8192,00:00:00,,,billing=8192;cpu=8192;mem=128M;node=128,billing=16384;cpu=16384;node=128,,,SchedMain,,,
58707,29168,3005,ven113_hpl,ven113,bynode,240,2021-10-11T12:49:56,2021-10-11T12:49:56,2021-10-11T12:56:37,NODE_FAIL,0:0,,,1,2021-10-11T12:49:56,,00:00:00,6569984,401,,,,normal,0,/autofs/nccs-svm1_home1/mcmahon/rocHPL.lockhart440/bynode,,,,,,,batch,Prolog,00:00:00,128,,,0:0,,,128M,128,128,00:00:00,0,16384,00:00:00,8192,00:00:00,,,billing=8192;cpu=8192;mem=128M;node=128,billing=16384;cpu=16384;node=128,,,SchedBackfill,,,
58707,29168,3006,ven113_hpl,ven113,bynode,240,2021-10-11T12:49:59,2021-10-11T12:49:59,2021-10-11T12:57:37,NODE_FAIL,0:0,,,1,2021-10-11T12:49:59,,00:00:00,7503872,458,,,,normal,0,/autofs/nccs-svm1_home1/mcmahon/rocHPL.lockhart440/bynode,,,,,,,batch,None,00:00:00,128,,,0:0,,,128M,128,128,00:00:00,0,16384,00:00:00,8192,00:00:00,,,billing=8192;cpu=8192;mem=128M;node=128,billing=16384;cpu=16384;node=128,,,SchedMain,,,
58707,29168,3007,ven113_hpl,ven113,bynode,240,2021-10-11T12:50:02,2021-10-11T12:50:02,2021-10-11T12:58:17,NODE_FAIL,0:0,,,1,2021-10-11T12:50:02,,00:00:00,8110080,495,,,,normal,0,/autofs/nccs-svm1_home1/mcmahon/rocHPL.lockhart440/bynode,,,,,,,batch,None,00:00:00,128,,,0:0,,,128M,128,128,00:00:00,0,16384,00:00:00,8192,00:00:00,,,billing=8192;cpu=8192;mem=128M;node=128,billing=16384;cpu=16384;node=128,,,SchedMain,,,
58707,29168,3008,ven113_hpl,ven113,bynode,240,2021-10-11T12:50:04,2021-10-11T12:50:05,2021-10-11T12:58:17,NODE_FAIL,0:0,,,1,2021-10-11T12:50:04,,00:00:00,8060928,492,,,,normal,0,/autofs/nccs-svm1_home1/mcmahon/rocHPL.lockhart440/bynode,,,,,,,batch,None,00:00:00,128,,,0:0,,,128M,128,128,00:00:01,8192,16384,00:00:00,8192,00:00:00,,,billing=8192;cpu=8192;mem=128M;node=128,billing=16384;cpu=16384;node=128,,,SchedMain,,,
58707,29168,3009,ven113_hpl,ven113,bynode,240,2021-10-11T12:50:17,2021-10-11T12:50:17,2021-10-11T12:58:17,NODE_FAIL,0:0,,,1,2021-10-11T12:50:17,,00:00:00,7864320,480,,,,normal,0,/autofs/nccs-svm1_home1/mcmahon/rocHPL.lockhart440/bynode,,,,,,,batch,None,00:00:00,128,,,0:0,,,128M,128,128,00:00:00,0,16384,00:00:00,8192,00:00:00,,,billing=8192;cpu=8192;mem=128M;node=128,billing=16384;cpu=16384;node=128,,,SchedMain,,,
58707,29168,3010,ven113_hpl,ven113,bynode,240,2021-10-11T12:50:18,2021-10-11T12:50:20,2021-10-11T13:00:20,NODE_FAIL,0:0,,,1,2021-10-11T12:50:18,,00:00:00,9830400,600,,,,normal,0,/autofs/nccs-svm1_home1/mcmahon/rocHPL.lockhart440/bynode,,,,,,,batch,None,00:00:00,128,,,0:12,,,128M,128,128,00:00:02,16384,16384,00:00:00,8192,00:00:00,,,billing=8192;cpu=8192;mem=128M;node=128,billing=16384;cpu=16384;node=128,,,SchedMain,,,
58707,29168,3011,ven113_hpl,ven113,bynode,240,2021-10-11T12:50:24,2021-10-11T12:50:24,2021-10-11T12:58:17,NODE_FAIL,0:0,,,1,2021-10-11T12:50:24,,00:00:00,7749632,473,,,,normal,0,/autofs/nccs-svm1_home1/mcmahon/rocHPL.lockhart440/bynode,,,,,,,batch,None,00:00:00,128,,,0:0,,,128M,128,128,00:00:00,0,16384,00:00:00,8192,00:00:00,,,billing=8192;cpu=8192;mem=128M;node=128,billing=16384;cpu=16384;node=128,,,SchedMain,,,
58707,29168,3012,ven113_hpl,ven113,bynode,240,2021-10-11T12:50:25,Unknown,2021-10-11T12:50:38,CANCELLED by 58707,0:0,,,1,2021-10-11T12:50:25,,00:00:00,0,0,,,,normal,0,/autofs/nccs-svm1_home1/mcmahon/rocHPL.lockhart440/bynode,0,,,,,,batch,None,00:00:00,0,,,0:0,,,128M,128,128,1297-05:56:19,3349176320,0,00:00:00,8192,00:00:00,,,billing=8192;cpu=8192;mem=128M;node=128,,,,,,,
63064,4068,3013,kmcmahon,ven113,interactive,60,2021-10-11T12:52:16,Unknown,2021-10-11T12:52:24,CANCELLED by 63064,0:0,,,1,2021-10-11T12:52:16,,00:00:00,0,0,,,,normal,0,/autofs/nccs-svm1_home1/kmcmahon/Benchmarks/SYSTEM_TEST,0,,,,,,batch,None,00:00:00,0,,,0:0,,,2M,2,2,1297-05:54:28,224164136,0,00:00:00,2,00:00:00,,,billing=2;cpu=2;mem=2M;node=2,,,,,,,
63064,4068,3014,kmcmahon,ven113,interactive,60,2021-10-11T12:52:31,2021-10-11T12:52:31,2021-10-11T13:02:43,COMPLETED,0:0,,,1,2021-10-11T12:52:31,,00:00:00,156672,612,,,,normal,0,/autofs/nccs-svm1_home1/kmcmahon/Benchmarks/SYSTEM_TEST,,,,,,,batch,None,00:00:00,2,,,0:0,,,2M,2,2,00:00:00,0,256,00:00:00,2,00:00:00,,,billing=2;cpu=2;mem=2M;node=2,billing=256;cpu=256;node=2,,,SchedSubmit,,,
63064,4068,3018,kmcmahon,ven113,bisec_grp,60,2021-10-11T13:03:13,2021-10-11T13:03:14,2021-10-11T13:03:22,FAILED,15:0,,,1,2021-10-11T13:03:13,,00:00:00,262144,8,,,,normal,0,/autofs/nccs-svm1_home1/kmcmahon/Benchmarks/SYSTEM_TEST,,,,,,,batch,None,00:00:00,256,,,127:0,,,256M,256,256,00:00:01,256,32768,00:00:00,256,00:00:00,,,billing=256;cpu=256;mem=256M;node=256,billing=32768;cpu=32768;node=256,,,SchedMain,,,
58232,4067,3019,jlbeck,ven004,halo,60,2021-10-11T13:03:26,2021-10-11T13:03:26,2021-10-11T13:05:32,COMPLETED,0:0,,,1,2021-10-11T13:03:26,,00:00:00,16128,126,,,,normal,0,/autofs/nccs-svm1_home2/jlbeck/frontier/halo,,,,,,,batch,None,00:00:00,1,,,0:0,,,1M,1,1,00:00:00,0,128,00:00:00,2,00:00:00,,,billing=2;cpu=2;mem=1M;node=1,billing=128;cpu=128;node=1,,,SchedSubmit,,,
63064,4068,3020,kmcmahon,ven113,bisec_grp,60,2021-10-11T13:05:03,2021-10-11T13:05:03,2021-10-11T13:05:13,FAILED,15:0,,,1,2021-10-11T13:05:03,,00:00:00,327680,10,,,,normal,0,/autofs/nccs-svm1_home1/kmcmahon/Benchmarks/SYSTEM_TEST,,,,,,,batch,None,00:00:00,256,,,0:15,,,256M,256,256,00:00:00,0,32768,00:00:00,256,00:00:00,,,billing=256;cpu=256;mem=256M;node=256,billing=32768;cpu=32768;node=256,,,SchedMain,,,
58232,4067,3021,jlbeck,ven004,halo,60,2021-10-11T13:05:51,2021-10-11T13:05:51,2021-10-11T13:06:33,FAILED,0:105,,,1,2021-10-11T13:05:51,,00:00:00,5376000,42,,,,normal,0,/autofs/nccs-svm1_home2/jlbeck/frontier/halo,,,,,,,batch,None,00:00:00,1000,,,0:0,,,1000M,1000,1000,00:00:00,0,128000,00:00:00,1000,00:00:00,,,billing=1000;cpu=1000;mem=1000M;node=1000,billing=128000;cpu=128000;node=1000,,,SchedSubmit,,,
63064,4068,3022,kmcmahon,ven113,bisec_grp,60,2021-10-11T13:05:59,2021-10-11T13:05:59,2021-10-11T13:13:00,COMPLETED,0:0,,,1,2021-10-11T13:05:59,,00:00:00,3448832,421,,,,normal,0,/autofs/nccs-svm1_home1/kmcmahon/Benchmarks/SYSTEM_TEST,,,,,,,batch,None,00:00:00,64,,,0:0,,,64M,64,64,00:00:00,0,8192,00:00:00,64,00:00:00,,,billing=64;cpu=64;mem=64M;node=64,billing=8192;cpu=8192;node=64,,,SchedMain,,,
58707,29168,3023,ven113_hpl,ven113,hpl_1N,60,2021-10-11T13:06:02,2021-10-11T13:06:03,2021-10-11T13:07:19,COMPLETED,0:0,,,1,2021-10-11T13:06:02,,00:00:00,622592,76,,,,normal,0,/autofs/nccs-svm1_home1/mcmahon/rocHPL.lockhart440/per-node,,,,,,,batch,None,00:00:00,64,,,0:15,,,64M,64,64,00:00:01,4096,8192,00:00:00,4096,00:00:00,,,billing=4096;cpu=4096;mem=64M;node=64,billing=8192;cpu=8192;node=64,,,SchedMain,,,
58232,4067,3024,jlbeck,ven004,run.sh,240,2021-10-11T13:07:14,2021-10-11T13:07:14,2021-10-11T13:07:16,FAILED,15:0,,,1,2021-10-11T13:07:14,,00:00:00,128000,2,,,,normal,0,/autofs/nccs-svm1_home2/jlbeck/frontier/halo,,,,,,,batch,None,00:00:00,500,,,0:15,,,500M,500,500,00:00:00,0,64000,00:00:00,500,00:00:00,,,billing=500;cpu=500;mem=500M;node=500,billing=64000;cpu=64000;node=500,,,SchedMain,,,
58707,29168,3025,ven113_hpl,ven113,hpl_1N,60,2021-10-11T13:13:01,2021-10-11T13:13:01,2021-10-11T13:23:17,NODE_FAIL,0:0,,,1,2021-10-11T13:13:01,,00:00:00,5046272,616,,,,normal,0,/autofs/nccs-svm1_home1/mcmahon/rocHPL.lockhart440/per-node,,,,,,,batch,None,00:00:00,64,,,0:15,,,64M,64,64,00:00:00,0,8192,00:00:00,4096,00:00:00,,,billing=4096;cpu=4096;mem=64M;node=64,billing=8192;cpu=8192;node=64,,,SchedMain,,,
58232,4067,3026,jlbeck,ven004,run.sh,240,2021-10-11T13:14:43,2021-10-11T13:14:43,2021-10-11T13:14:45,FAILED,15:0,,,1,2021-10-11T13:14:43,,00:00:00,128000,2,,,,normal,0,/autofs/nccs-svm1_home2/jlbeck/frontier/halo,,,,,,,batch,None,00:00:00,500,,,0:15,,,500M,500,500,00:00:00,0,64000,00:00:00,500,00:00:00,,,billing=500;cpu=500;mem=500M;node=500,billing=64000;cpu=64000;node=500,,,SchedMain,,,
58232,4067,3027,jlbeck,ven004,check_pe.sh,240,2021-10-11T13:16:47,2021-10-11T13:16:48,2021-10-11T13:16:48,COMPLETED,0:0,,,1,2021-10-11T13:16:47,,00:00:00,0,0,,,,normal,0,/autofs/nccs-svm1_home2/jlbeck/frontier/halo,,,,,,,batch,None,00:00:00,500,,,0:0,,,500M,500,500,00:00:01,500,64000,00:00:00,500,00:00:00,,,billing=500;cpu=500;mem=500M;node=500,billing=64000;cpu=64000;node=500,,,SchedMain,,,
58232,4067,3028,jlbeck,ven004,check_pe.sh,240,2021-10-11T13:18:33,2021-10-11T13:18:34,2021-10-11T13:18:34,COMPLETED,0:0,,,1,2021-10-11T13:18:33,,00:00:00,0,0,,,,normal,0,/autofs/nccs-svm1_home2/jlbeck/frontier/halo,,,,,,,batch,None,00:00:00,500,,,0:0,,,500M,500,500,00:00:01,500,64000,00:00:00,500,00:00:00,,,billing=500;cpu=500;mem=500M;node=500,billing=64000;cpu=64000;node=500,,,SchedMain,,,
58232,4067,3029,jlbeck,ven004,check_pe.sh,240,2021-10-11T13:18:56,2021-10-11T13:18:57,2021-10-11T13:18:57,COMPLETED,0:0,,,1,2021-10-11T13:18:56,,00:00:00,0,0,,,,normal,0,/autofs/nccs-svm1_home2/jlbeck/frontier/halo,,,,,,,batch,None,00:00:00,1000,,,0:0,,,1000M,1000,1000,00:00:01,1000,128000,00:00:00,1000,00:00:00,,,billing=1000;cpu=1000;mem=1000M;node=1000,billing=128000;cpu=128000;node=1000,,,SchedMain,,,
58232,4067,3030,jlbeck,ven004,run.sh,240,2021-10-11T13:19:50,2021-10-11T13:19:50,2021-10-11T13:19:51,FAILED,15:0,,,1,2021-10-11T13:19:50,,00:00:00,64000,1,,,,normal,0,/autofs/nccs-svm1_home2/jlbeck/frontier/halo,,,,,,,batch,None,00:00:00,500,,,0:15,,,500M,500,500,00:00:00,0,64000,00:00:00,500,00:00:00,,,billing=500;cpu=500;mem=500M;node=500,billing=64000;cpu=64000;node=500,,,SchedMain,,,
58232,4067,3031,jlbeck,ven004,run.sh,240,2021-10-11T13:20:46,2021-10-11T13:20:46,2021-10-11T13:20:47,FAILED,15:0,,,1,2021-10-11T13:20:46,,00:00:00,64000,1,,,,normal,0,/autofs/nccs-svm1_home2/jlbeck/frontier/halo,,,,,,,batch,None,00:00:00,500,,,0:15,,,500M,500,500,00:00:00,0,64000,00:00:00,500,00:00:00,,,billing=500;cpu=500;mem=500M;node=500,billing=64000;cpu=64000;node=500,,,SchedMain,,,
58232,4067,3032,jlbeck,ven004,run.sh,240,2021-10-11T13:21:50,2021-10-11T13:21:50,2021-10-11T13:21:51,FAILED,15:0,,,1,2021-10-11T13:21:50,,00:00:00,64000,1,,,,normal,0,/autofs/nccs-svm1_home2/jlbeck/frontier/halo,,,,,,,batch,None,00:00:00,500,,,0:15,,,500M,500,500,00:00:00,0,64000,00:00:00,500,00:00:00,,,billing=500;cpu=500;mem=500M;node=500,billing=64000;cpu=64000;node=500,,,SchedMain,,,
58232,4067,3033,jlbeck,ven004,run.sh,240,2021-10-11T13:24:05,2021-10-11T13:24:06,2021-10-11T13:24:06,COMPLETED,0:0,,,1,2021-10-11T13:24:05,,00:00:00,0,0,,,,normal,0,/autofs/nccs-svm1_home2/jlbeck/frontier/halo,,,,,,,batch,None,00:00:00,500,,,0:0,,,500M,500,500,00:00:01,500,64000,00:00:00,500,00:00:00,,,billing=500;cpu=500;mem=500M;node=500,billing=64000;cpu=64000;node=500,,,SchedMain,,,
58232,4067,3034,jlbeck,ven004,check_pe.sh,240,2021-10-11T13:25:06,2021-10-11T13:25:07,2021-10-11T13:25:07,COMPLETED,0:0,,,1,2021-10-11T13:25:06,,00:00:00,0,0,,,,normal,0,/autofs/nccs-svm1_home2/jlbeck/frontier/halo,,,,,,,batch,None,00:00:00,500,,,0:0,,,500M,500,500,00:00:01,500,64000,00:00:00,500,00:00:00,,,billing=500;cpu=500;mem=500M;node=500,billing=64000;cpu=64000;node=500,,,SchedMain,,,
58707,29168,3035,ven113_hpl,ven113,hpl_1N,60,2021-10-11T13:25:23,2021-10-11T13:25:23,2021-10-11T13:29:30,COMPLETED,0:0,,,1,2021-10-11T13:25:23,,00:00:00,31616,247,,,,normal,0,/autofs/nccs-svm1_home1/mcmahon/rocHPL.lockhart440/per-node,,,,,,,batch,None,00:00:00,1,,,0:0,,,1M,1,1,00:00:00,0,128,00:00:00,64,00:00:00,,,billing=64;cpu=64;mem=1M;node=1,billing=128;cpu=128;node=1,,,SchedMain,,,
58232,4067,3036,jlbeck,ven004,check_pe.sh,240,2021-10-11T13:29:35,2021-10-11T13:29:35,2021-10-11T13:29:35,COMPLETED,0:0,,,1,2021-10-11T13:29:35,,00:00:00,0,0,,,,normal,0,/autofs/nccs-svm1_home2/jlbeck/frontier/halo,,,,,,,batch,None,00:00:00,500,,,0:0,,,500M,500,500,00:00:00,0,64000,00:00:00,500,00:00:00,,,billing=500;cpu=500;mem=500M;node=500,billing=64000;cpu=64000;node=500,,,SchedMain,,,
58232,4067,3037,jlbeck,ven004,run.sh,240,2021-10-11T13:29:49,2021-10-11T13:29:49,2021-10-11T13:31:02,FAILED,12:0,,,1,2021-10-11T13:29:49,,00:00:00,4672000,73,,,,normal,0,/autofs/nccs-svm1_home2/jlbeck/frontier/halo,,,,,,,batch,None,00:00:00,500,,,0:0,,,500M,500,500,00:00:00,0,64000,00:00:00,500,00:00:00,,,billing=500;cpu=500;mem=500M;node=500,billing=64000;cpu=64000;node=500,,,SchedMain,,,
58707,29168,3038,ven113_hpl,ven113,hpl_1N,60,2021-10-11T13:33:57,2021-10-11T13:33:57,2021-10-11T13:38:17,NODE_FAIL,0:0,,,1,2021-10-11T13:33:57,,00:00:00,4259840,260,,,,normal,0,/autofs/nccs-svm1_home1/mcmahon/rocHPL.lockhart440/per-node,,,,,,,batch,None,00:00:00,128,,,0:0,,,128M,128,128,00:00:00,0,16384,00:00:00,8192,00:00:00,,,billing=8192;cpu=8192;mem=128M;node=128,billing=16384;cpu=16384;node=128,,,SchedMain,,,
58707,29168,3039,ven113_hpl,ven113,hpl_1N,60,2021-10-11T13:33:58,2021-10-11T13:34:00,2021-10-11T13:41:37,NODE_FAIL,0:0,,,1,2021-10-11T13:33:58,,00:00:00,7487488,457,,,,normal,0,/autofs/nccs-svm1_home1/mcmahon/rocHPL.lockhart440/per-node,,,,,,,batch,None,00:00:00,128,,,0:0,,,128M,128,128,00:00:02,16384,16384,00:00:00,8192,00:00:00,,,billing=8192;cpu=8192;mem=128M;node=128,billing=16384;cpu=16384;node=128,,,SchedMain,,,
58707,29168,3040,ven113_hpl,ven113,hpl_1N,60,2021-10-11T13:33:59,2021-10-11T13:34:00,2021-10-11T13:41:37,NODE_FAIL,0:0,,,1,2021-10-11T13:33:59,,00:00:00,7487488,457,,,,normal,0,/autofs/nccs-svm1_home1/mcmahon/rocHPL.lockhart440/per-node,,,,,,,batch,None,00:00:00,128,,,0:0,,,128M,128,128,00:00:01,8192,16384,00:00:00,8192,00:00:00,,,billing=8192;cpu=8192;mem=128M;node=128,billing=16384;cpu=16384;node=128,,,SchedMain,,,
58707,29168,3041,ven113_hpl,ven113,hpl_1N,60,2021-10-11T13:34:01,2021-10-11T13:34:03,2021-10-11T13:38:17,NODE_FAIL,0:0,,,1,2021-10-11T13:34:01,,00:00:00,4161536,254,,,,normal,0,/autofs/nccs-svm1_home1/mcmahon/rocHPL.lockhart440/per-node,,,,,,,batch,None,00:00:00,128,,,0:0,,,128M,128,128,00:00:02,16384,16384,00:00:00,8192,00:00:00,,,billing=8192;cpu=8192;mem=128M;node=128,billing=16384;cpu=16384;node=128,,,SchedMain,,,
58707,29168,3042,ven113_hpl,ven113,hpl_1N,60,2021-10-11T13:34:02,2021-10-11T13:34:03,2021-10-11T13:38:17,NODE_FAIL,0:0,,,1,2021-10-11T13:34:02,,00:00:00,4161536,254,,,,normal,0,/autofs/nccs-svm1_home1/mcmahon/rocHPL.lockhart440/per-node,,,,,,,batch,None,00:00:00,128,,,0:0,,,128M,128,128,00:00:01,8192,16384,00:00:00,8192,00:00:00,,,billing=8192;cpu=8192;mem=128M;node=128,billing=16384;cpu=16384;node=128,,,SchedMain,,,
58707,29168,3043,ven113_hpl,ven113,hpl_1N,60,2021-10-11T13:34:04,2021-10-11T13:34:06,2021-10-11T13:41:37,NODE_FAIL,0:0,,,1,2021-10-11T13:34:04,,00:00:00,7389184,451,,,,normal,0,/autofs/nccs-svm1_home1/mcmahon/rocHPL.lockhart440/per-node,,,,,,,batch,None,00:00:00,128,,,0:0,,,128M,128,128,00:00:02,16384,16384,00:00:00,8192,00:00:00,,,billing=8192;cpu=8192;mem=128M;node=128,billing=16384;cpu=16384;node=128,,,SchedMain,,,
58707,29168,3044,ven113_hpl,ven113,hpl_1N,60,2021-10-11T13:34:06,2021-10-11T13:34:06,2021-10-11T13:41:37,NODE_FAIL,0:0,,,1,2021-10-11T13:34:06,,00:00:00,7389184,451,,,,normal,0,/autofs/nccs-svm1_home1/mcmahon/rocHPL.lockhart440/per-node,,,,,,,batch,None,00:00:00,128,,,0:0,,,128M,128,128,00:00:00,0,16384,00:00:00,8192,00:00:00,,,billing=8192;cpu=8192;mem=128M;node=128,billing=16384;cpu=16384;node=128,,,SchedMain,,,
58707,29168,3045,ven113_hpl,ven113,hpl_1N,60,2021-10-11T13:34:09,2021-10-11T13:34:09,2021-10-11T13:41:37,NODE_FAIL,0:0,,,1,2021-10-11T13:34:09,,00:00:00,7340032,448,,,,normal,0,/autofs/nccs-svm1_home1/mcmahon/rocHPL.lockhart440/per-node,,,,,,,batch,None,00:00:00,128,,,0:0,,,128M,128,128,00:00:00,0,16384,00:00:00,8192,00:00:00,,,billing=8192;cpu=8192;mem=128M;node=128,billing=16384;cpu=16384;node=128,,,SchedMain,,,
58707,29168,3046,ven113_hpl,ven113,hpl_1N,60,2021-10-11T13:34:17,2021-10-11T13:34:17,2021-10-11T13:39:57,NODE_FAIL,0:0,,,1,2021-10-11T13:34:17,,00:00:00,5570560,340,,,,normal,0,/autofs/nccs-svm1_home1/mcmahon/rocHPL.lockhart440/per-node,,,,,,,batch,None,00:00:00,128,,,0:0,,,128M,128,128,00:00:00,0,16384,00:00:00,8192,00:00:00,,,billing=8192;cpu=8192;mem=128M;node=128,billing=16384;cpu=16384;node=128,,,SchedMain,,,
58707,29168,3047,ven113_hpl,ven113,hpl_1N,60,2021-10-11T13:34:18,2021-10-11T13:34:18,2021-10-11T13:38:17,NODE_FAIL,0:0,,,1,2021-10-11T13:34:18,,00:00:00,3915776,239,,,,normal,0,/autofs/nccs-svm1_home1/mcmahon/rocHPL.lockhart440/per-node,,,,,,,batch,None,00:00:00,128,,,0:0,,,128M,128,128,00:00:00,0,16384,00:00:00,8192,00:00:00,,,billing=8192;cpu=8192;mem=128M;node=128,billing=16384;cpu=16384;node=128,,,SchedMain,,,
58707,29168,3048,ven113_hpl,ven113,hpl_1N,60,2021-10-11T13:34:19,Unknown,2021-10-11T13:35:07,CANCELLED by 58707,0:0,,,1,2021-10-11T13:34:19,,00:00:00,0,0,,,,normal,0,/autofs/nccs-svm1_home1/mcmahon/rocHPL.lockhart440/per-node,0,,,,,,batch,None,00:00:00,0,,,0:0,,,128M,128,128,1297-05:12:25,3327598592,0,00:00:00,8192,00:00:00,,,billing=8192;cpu=8192;mem=128M;node=128,,,,,,,
58584,29168,3049,ven113_hpl,ven113,dgemm,60,2021-10-11T14:29:56,2021-10-11T14:29:56,2021-10-11T14:30:42,COMPLETED,0:0,,,1,2021-10-11T14:29:56,,00:00:00,5888,46,,,,normal,0,/autofs/nccs-svm1_home1/jbaron/bard_dgemm_test,,,,,,,batch,None,00:00:00,1,,,0:0,,,1M,1,1,00:00:00,0,128,00:00:00,1,00:00:00,,,billing=1;cpu=1;mem=1M;node=1,billing=128;cpu=128;node=1,,,SchedBackfill,,,
58584,29168,3050,ven113_hpl,ven113,dgemm,60,2021-10-11T14:34:40,2021-10-11T14:34:41,2021-10-11T14:35:35,COMPLETED,0:0,,,1,2021-10-11T14:34:40,,00:00:00,6912,54,,,,normal,0,/autofs/nccs-svm1_home1/jbaron/bard_dgemm_test,,,,,,,batch,None,00:00:00,1,,,0:15,,,1M,1,1,00:00:01,1,128,00:00:00,1,00:00:00,,,billing=1;cpu=1;mem=1M;node=1,billing=128;cpu=128;node=1,,,SchedMain,,,
58584,29168,3051,ven113_hpl,ven113,bash,60,2021-10-11T14:37:38,2021-10-11T14:37:38,2021-10-11T14:47:43,COMPLETED,0:0,,,1,2021-10-11T14:37:38,,00:00:00,77440,605,,,,normal,0,/autofs/nccs-svm1_home1/jbaron/bard_dgemm_test,,,,,,,batch,None,00:00:00,1,,,0:0,,,1M,1,1,00:00:00,0,128,00:00:00,1,00:00:00,,,billing=1;cpu=1;mem=1M;node=1,billing=128;cpu=128;node=1,,,SchedSubmit,,,
58707,29168,3052,ven113_hpl,ven113,hpl_1N,60,2021-10-11T14:43:48,2021-10-11T14:43:49,2021-10-11T14:56:25,COMPLETED,0:0,,,1,2021-10-11T14:43:48,,00:00:00,387072,756,,,,normal,0,/autofs/nccs-svm1_home1/mcmahon/rocHPL.lockhart440/per-node,,,,,,,batch,None,00:00:00,4,,,0:0,,,4M,4,4,00:00:01,256,512,00:00:00,256,00:00:00,,,billing=256;cpu=256;mem=4M;node=4,billing=512;cpu=512;node=4,,,SchedMain,,,
58707,29168,3053,ven113_hpl,ven113,hpl_1N,60,2021-10-11T14:44:48,2021-10-11T14:44:49,2021-10-11T14:53:38,CANCELLED by 58707,0:0,,,1,2021-10-11T14:44:48,,00:00:00,4333568,529,,,,normal,0,/autofs/nccs-svm1_home1/mcmahon/rocHPL.lockhart440/per-node,,,,,,,batch,None,00:00:00,64,,,0:0,,,64M,64,64,00:00:01,4096,8192,00:00:00,4096,00:00:00,,,billing=4096;cpu=4096;mem=64M;node=64,billing=8192;cpu=8192;node=64,,,SchedMain,,,
58707,29168,3054,ven113_hpl,ven113,hpl_1N,60,2021-10-11T14:44:49,2021-10-11T14:44:52,2021-10-11T14:53:38,CANCELLED by 58707,0:0,,,1,2021-10-11T14:44:49,,00:00:00,4308992,526,,,,normal,0,/autofs/nccs-svm1_home1/mcmahon/rocHPL.lockhart440/per-node,,,,,,,batch,None,00:00:00,64,,,0:0,,,64M,64,64,00:00:03,12288,8192,00:00:00,4096,00:00:00,,,billing=4096;cpu=4096;mem=64M;node=64,billing=8192;cpu=8192;node=64,,,SchedMain,,,
58707,29168,3055,ven113_hpl,ven113,hpl_1N,60,2021-10-11T14:44:50,2021-10-11T14:44:52,2021-10-11T14:53:38,CANCELLED by 58707,0:0,,,1,2021-10-11T14:44:50,,00:00:00,4308992,526,,,,normal,0,/autofs/nccs-svm1_home1/mcmahon/rocHPL.lockhart440/per-node,,,,,,,batch,None,00:00:00,64,,,0:0,,,64M,64,64,00:00:02,8192,8192,00:00:00,4096,00:00:00,,,billing=4096;cpu=4096;mem=64M;node=64,billing=8192;cpu=8192;node=64,,,SchedMain,,,
58707,29168,3056,ven113_hpl,ven113,hpl_1N,60,2021-10-11T14:44:51,2021-10-11T14:44:52,2021-10-11T14:53:38,CANCELLED by 58707,0:0,,,1,2021-10-11T14:44:51,,00:00:00,4308992,526,,,,normal,0,/autofs/nccs-svm1_home1/mcmahon/rocHPL.lockhart440/per-node,,,,,,,batch,None,00:00:00,64,,,0:0,,,64M,64,64,00:00:01,4096,8192,00:00:00,4096,00:00:00,,,billing=4096;cpu=4096;mem=64M;node=64,billing=8192;cpu=8192;node=64,,,SchedMain,,,
58707,29168,3057,ven113_hpl,ven113,hpl_1N,60,2021-10-11T14:44:52,2021-10-11T14:44:55,2021-10-11T14:53:38,CANCELLED by 58707,0:0,,,1,2021-10-11T14:44:52,,00:00:00,4284416,523,,,,normal,0,/autofs/nccs-svm1_home1/mcmahon/rocHPL.lockhart440/per-node,,,,,,,batch,None,00:00:00,64,,,0:0,,,64M,64,64,00:00:03,12288,8192,00:00:00,4096,00:00:00,,,billing=4096;cpu=4096;mem=64M;node=64,billing=8192;cpu=8192;node=64,,,SchedMain,,,
58707,29168,3058,ven113_hpl,ven113,hpl_1N,60,2021-10-11T14:44:52,2021-10-11T14:44:55,2021-10-11T14:53:38,CANCELLED by 58707,0:0,,,1,2021-10-11T14:44:52,,00:00:00,4284416,523,,,,normal,0,/autofs/nccs-svm1_home1/mcmahon/rocHPL.lockhart440/per-node,,,,,,,batch,None,00:00:00,64,,,0:0,,,64M,64,64,00:00:03,12288,8192,00:00:00,4096,00:00:00,,,billing=4096;cpu=4096;mem=64M;node=64,billing=8192;cpu=8192;node=64,,,SchedMain,,,
58707,29168,3059,ven113_hpl,ven113,hpl_1N,60,2021-10-11T14:44:53,2021-10-11T14:44:55,2021-10-11T14:53:38,CANCELLED by 58707,0:0,,,1,2021-10-11T14:44:53,,00:00:00,4284416,523,,,,normal,0,/autofs/nccs-svm1_home1/mcmahon/rocHPL.lockhart440/per-node,,,,,,,batch,None,00:00:00,64,,,0:0,,,64M,64,64,00:00:02,8192,8192,00:00:00,4096,00:00:00,,,billing=4096;cpu=4096;mem=64M;node=64,billing=8192;cpu=8192;node=64,,,SchedMain,,,
58707,29168,3060,ven113_hpl,ven113,hpl_1N,60,2021-10-11T14:44:53,2021-10-11T14:44:55,2021-10-11T14:53:38,CANCELLED by 58707,0:0,,,1,2021-10-11T14:44:53,,00:00:00,4284416,523,,,,normal,0,/autofs/nccs-svm1_home1/mcmahon/rocHPL.lockhart440/per-node,,,,,,,batch,None,00:00:00,64,,,0:0,,,64M,64,64,00:00:02,8192,8192,00:00:00,4096,00:00:00,,,billing=4096;cpu=4096;mem=64M;node=64,billing=8192;cpu=8192;node=64,,,SchedMain,,,
58707,29168,3061,ven113_hpl,ven113,hpl_1N,60,2021-10-11T14:44:54,2021-10-11T14:44:55,2021-10-11T14:48:17,NODE_FAIL,0:0,,,1,2021-10-11T14:44:54,,00:00:00,1654784,202,,,,normal,0,/autofs/nccs-svm1_home1/mcmahon/rocHPL.lockhart440/per-node,,,,,,,batch,None,00:00:00,64,,,0:0,,,64M,64,64,00:00:01,4096,8192,00:00:00,4096,00:00:00,,,billing=4096;cpu=4096;mem=64M;node=64,billing=8192;cpu=8192;node=64,,,SchedMain,,,
58707,29168,3062,ven113_hpl,ven113,hpl_1N,60,2021-10-11T14:44:54,2021-10-11T14:44:55,2021-10-11T14:53:38,CANCELLED by 58707,0:0,,,1,2021-10-11T14:44:54,,00:00:00,4284416,523,,,,normal,0,/autofs/nccs-svm1_home1/mcmahon/rocHPL.lockhart440/per-node,,,,,,,batch,None,00:00:00,64,,,0:0,,,64M,64,64,00:00:01,4096,8192,00:00:00,4096,00:00:00,,,billing=4096;cpu=4096;mem=64M;node=64,billing=8192;cpu=8192;node=64,,,SchedMain,,,
58584,29168,3063,ven113_hpl,ven113,dgemm,60,2021-10-11T14:48:57,2021-10-11T14:48:58,2021-10-11T14:50:23,COMPLETED,0:0,,,1,2021-10-11T14:48:57,,00:00:00,10880,85,,,,normal,0,/autofs/nccs-svm1_home1/jbaron/bard_dgemm_test,,,,,,,batch,None,00:00:00,1,,,0:15,,,1M,1,1,00:00:01,1,128,00:00:00,1,00:00:00,,,billing=1;cpu=1;mem=1M;node=1,billing=128;cpu=128;node=1,,,SchedMain,,,
58584,29168,3064,ven113_hpl,ven113,dgemm,60,2021-10-11T14:54:31,2021-10-11T14:54:31,2021-10-11T14:54:32,FAILED,15:0,,,1,2021-10-11T14:54:31,,00:00:00,128,1,,,,normal,0,/autofs/nccs-svm1_home1/jbaron/bard_dgemm_test,,,,,,,batch,None,00:00:00,1,,,0:15,,,1M,1,1,00:00:00,0,128,00:00:00,1,00:00:00,,,billing=1;cpu=1;mem=1M;node=1,billing=128;cpu=128;node=1,,,SchedMain,,,
58584,29168,3065,ven113_hpl,ven113,dgemm,60,2021-10-11T14:56:50,2021-10-11T14:56:50,2021-10-11T14:56:51,FAILED,15:0,,,1,2021-10-11T14:56:50,,00:00:00,128,1,,,,normal,0,/autofs/nccs-svm1_home1/jbaron/bard_dgemm_test,,,,,,,batch,NonZeroExitCode,00:00:00,1,,,0:15,,,1M,1,1,00:00:00,0,128,00:00:00,1,00:00:00,,,billing=1;cpu=1;mem=1M;node=1,billing=128;cpu=128;node=1,,,SchedMain,,,
58584,29168,3066,ven113_hpl,ven113,bash,60,2021-10-11T15:00:27,2021-10-11T15:00:27,2021-10-11T15:02:04,COMPLETED,0:0,,,1,2021-10-11T15:00:27,,00:00:00,12416,97,,,,normal,0,/autofs/nccs-svm1_home1/jbaron/bard_dgemm_test,,,,,,,batch,None,00:00:00,1,,,0:0,,,1M,1,1,00:00:00,0,128,00:00:00,1,00:00:00,,,billing=1;cpu=1;mem=1M;node=1,billing=128;cpu=128;node=1,,,SchedSubmit,,,
58584,29168,3067,ven113_hpl,ven113,dgemm,60,2021-10-11T15:02:40,2021-10-11T15:02:41,2021-10-11T15:02:42,FAILED,15:0,,,1,2021-10-11T15:02:40,,00:00:00,128,1,,,,normal,0,/autofs/nccs-svm1_home1/jbaron/bard_dgemm_test,,,,,,,batch,None,00:00:00,1,,,0:15,,,1M,1,1,00:00:01,1,128,00:00:00,1,00:00:00,,,billing=1;cpu=1;mem=1M;node=1,billing=128;cpu=128;node=1,,,SchedMain,,,
58467,100,3068,users,ven113,cxi_write_bw,60,2021-10-11T15:03:04,2021-10-11T15:03:05,2021-10-11T15:03:11,FAILED,1:0,,,1,2021-10-11T15:03:04,,00:00:00,1536,6,,,,normal,0,/autofs/nccs-svm1_home1/glenski/cxi-test/cxi_scripts_20211011/frontier-oct11,,,,,,,batch,None,00:00:00,2,,,0:0,,,2M,2,2,00:00:01,2,256,00:00:00,2,00:00:00,,,billing=2;cpu=2;mem=2M;node=2,billing=256;cpu=256;node=2,,,SchedMain,,,
58467,100,3069,users,ven113,cxi_write_bw,60,2021-10-11T15:03:04,2021-10-11T15:03:14,2021-10-11T15:03:19,FAILED,1:0,,,1,2021-10-11T15:03:04,,00:00:00,1280,5,,,,normal,0,/autofs/nccs-svm1_home1/glenski/cxi-test/cxi_scripts_20211011/frontier-oct11,,,,,,,batch,None,00:00:00,2,,,0:0,,,2M,2,2,00:00:10,20,256,00:00:00,2,00:00:00,,,billing=2;cpu=2;mem=2M;node=2,billing=256;cpu=256;node=2,,,SchedMain,,,
58467,100,3070,users,ven113,cxi_write_bw,60,2021-10-11T15:03:04,2021-10-11T15:03:19,2021-10-11T15:03:25,FAILED,1:0,,,1,2021-10-11T15:03:04,,00:00:00,1536,6,,,,normal,0,/autofs/nccs-svm1_home1/glenski/cxi-test/cxi_scripts_20211011/frontier-oct11,,,,,,,batch,ReqNodeNotAvail,00:00:00,2,,,0:0,,,2M,2,2,00:00:15,30,256,00:00:00,2,00:00:00,,,billing=2;cpu=2;mem=2M;node=2,billing=256;cpu=256;node=2,,,SchedMain,,,
58467,100,3071,users,ven113,cxi_write_bw,60,2021-10-11T15:03:04,2021-10-11T15:03:25,2021-10-11T15:03:30,FAILED,1:0,,,1,2021-10-11T15:03:04,,00:00:00,1280,5,,,,normal,0,/autofs/nccs-svm1_home1/glenski/cxi-test/cxi_scripts_20211011/frontier-oct11,,,,,,,batch,ReqNodeNotAvail,00:00:00,2,,,0:0,,,2M,2,2,00:00:21,42,256,00:00:00,2,00:00:00,,,billing=2;cpu=2;mem=2M;node=2,billing=256;cpu=256;node=2,,,SchedMain,,,
58467,100,3072,users,ven113,cxi_write_bw,60,2021-10-11T15:03:04,2021-10-11T15:03:30,2021-10-11T15:03:36,FAILED,1:0,,,1,2021-10-11T15:03:04,,00:00:00,1536,6,,,,normal,0,/autofs/nccs-svm1_home1/glenski/cxi-test/cxi_scripts_20211011/frontier-oct11,,,,,,,batch,ReqNodeNotAvail,00:00:00,2,,,0:0,,,2M,2,2,00:00:26,52,256,00:00:00,2,00:00:00,,,billing=2;cpu=2;mem=2M;node=2,billing=256;cpu=256;node=2,,,SchedMain,,,
58467,100,3073,users,ven113,cxi_write_bw,60,2021-10-11T15:03:04,2021-10-11T15:03:19,2021-10-11T15:03:26,FAILED,1:0,,,1,2021-10-11T15:03:04,,00:00:00,1792,7,,,,normal,0,/autofs/nccs-svm1_home1/glenski/cxi-test/cxi_scripts_20211011/frontier-oct11,,,,,,,batch,ReqNodeNotAvail,00:00:00,2,,,0:0,,,2M,2,2,00:00:15,30,256,00:00:00,2,00:00:00,,,billing=2;cpu=2;mem=2M;node=2,billing=256;cpu=256;node=2,,,SchedMain,,,
58467,100,3074,users,ven113,cxi_write_bw,60,2021-10-11T15:03:04,2021-10-11T15:03:29,2021-10-11T15:03:34,FAILED,1:0,,,1,2021-10-11T15:03:04,,00:00:00,1280,5,,,,normal,0,/autofs/nccs-svm1_home1/glenski/cxi-test/cxi_scripts_20211011/frontier-oct11,,,,,,,batch,ReqNodeNotAvail,00:00:00,2,,,0:0,,,2M,2,2,00:00:25,50,256,00:00:00,2,00:00:00,,,billing=2;cpu=2;mem=2M;node=2,billing=256;cpu=256;node=2,,,SchedMain,,,
58467,100,3075,users,ven113,cxi_write_bw,60,2021-10-11T15:03:04,2021-10-11T15:03:34,2021-10-11T15:03:40,FAILED,1:0,,,1,2021-10-11T15:03:04,,00:00:00,1536,6,,,,normal,0,/autofs/nccs-svm1_home1/glenski/cxi-test/cxi_scripts_20211011/frontier-oct11,,,,,,,batch,ReqNodeNotAvail,00:00:00,2,,,0:0,,,2M,2,2,00:00:30,60,256,00:00:00,2,00:00:00,,,billing=2;cpu=2;mem=2M;node=2,billing=256;cpu=256;node=2,,,SchedMain,,,
58467,100,3076,users,ven113,cxi_write_bw,60,2021-10-11T15:03:04,2021-10-11T15:03:40,2021-10-11T15:03:45,FAILED,1:0,,,1,2021-10-11T15:03:04,,00:00:00,1280,5,,,,normal,0,/autofs/nccs-svm1_home1/glenski/cxi-test/cxi_scripts_20211011/frontier-oct11,,,,,,,batch,ReqNodeNotAvail,00:00:00,2,,,0:0,,,2M,2,2,00:00:36,72,256,00:00:00,2,00:00:00,,,billing=2;cpu=2;mem=2M;node=2,billing=256;cpu=256;node=2,,,SchedMain,,,
58467,100,3077,users,ven113,cxi_write_bw,60,2021-10-11T15:03:04,2021-10-11T15:03:34,2021-10-11T15:03:41,FAILED,1:0,,,1,2021-10-11T15:03:04,,00:00:00,1792,7,,,,normal,0,/autofs/nccs-svm1_home1/glenski/cxi-test/cxi_scripts_20211011/frontier-oct11,,,,,,,batch,ReqNodeNotAvail,00:00:00,2,,,0:0,,,2M,2,2,00:00:30,60,256,00:00:00,2,00:00:00,,,billing=2;cpu=2;mem=2M;node=2,billing=256;cpu=256;node=2,,,SchedMain,,,
58467,100,3078,users,ven113,cxi_write_bw,60,2021-10-11T15:03:04,2021-10-11T15:03:44,2021-10-11T15:03:49,FAILED,1:0,,,1,2021-10-11T15:03:04,,00:00:00,1280,5,,,,normal,0,/autofs/nccs-svm1_home1/glenski/cxi-test/cxi_scripts_20211011/frontier-oct11,,,,,,,batch,ReqNodeNotAvail,00:00:00,2,,,0:0,,,2M,2,2,00:00:40,80,256,00:00:00,2,00:00:00,,,billing=2;cpu=2;mem=2M;node=2,billing=256;cpu=256;node=2,,,SchedMain,,,
58467,100,3079,users,ven113,cxi_write_bw,60,2021-10-11T15:03:04,2021-10-11T15:03:49,2021-10-11T15:03:54,FAILED,1:0,,,1,2021-10-11T15:03:04,,00:00:00,1280,5,,,,normal,0,/autofs/nccs-svm1_home1/glenski/cxi-test/cxi_scripts_20211011/frontier-oct11,,,,,,,batch,ReqNodeNotAvail,00:00:00,2,,,0:0,,,2M,2,2,00:00:45,90,256,00:00:00,2,00:00:00,,,billing=2;cpu=2;mem=2M;node=2,billing=256;cpu=256;node=2,,,SchedMain,,,
58467,100,3080,users,ven113,cxi_write_bw,60,2021-10-11T15:03:05,2021-10-11T15:03:49,2021-10-11T15:03:55,FAILED,1:0,,,1,2021-10-11T15:03:05,,00:00:00,1536,6,,,,normal,0,/autofs/nccs-svm1_home1/glenski/cxi-test/cxi_scripts_20211011/frontier-oct11,,,,,,,batch,ReqNodeNotAvail,00:00:00,2,,,0:0,,,2M,2,2,00:00:44,88,256,00:00:00,2,00:00:00,,,billing=2;cpu=2;mem=2M;node=2,billing=256;cpu=256;node=2,,,SchedMain,,,
58467,100,3081,users,ven113,cxi_write_bw,60,2021-10-11T15:03:05,2021-10-11T15:03:58,2021-10-11T15:04:04,FAILED,1:0,,,1,2021-10-11T15:03:05,,00:00:00,1536,6,,,,normal,0,/autofs/nccs-svm1_home1/glenski/cxi-test/cxi_scripts_20211011/frontier-oct11,,,,,,,batch,ReqNodeNotAvail,00:00:00,2,,,0:0,,,2M,2,2,00:00:53,106,256,00:00:00,2,00:00:00,,,billing=2;cpu=2;mem=2M;node=2,billing=256;cpu=256;node=2,,,SchedMain,,,
58467,100,3082,users,ven113,cxi_write_bw,60,2021-10-11T15:03:05,2021-10-11T15:03:14,2021-10-11T15:03:20,FAILED,1:0,,,1,2021-10-11T15:03:05,,00:00:00,1536,6,,,,normal,0,/autofs/nccs-svm1_home1/glenski/cxi-test/cxi_scripts_20211011/frontier-oct11,,,,,,,batch,ReqNodeNotAvail,00:00:00,2,,,0:0,,,2M,2,2,00:00:09,18,256,00:00:00,2,00:00:00,,,billing=2;cpu=2;mem=2M;node=2,billing=256;cpu=256;node=2,,,SchedMain,,,
58584,29168,3083,ven113_hpl,ven113,dgemm,60,2021-10-11T15:03:41,2021-10-11T15:03:41,2021-10-11T15:08:18,COMPLETED,0:0,,,1,2021-10-11T15:03:41,,00:00:00,35456,277,,,,normal,0,/autofs/nccs-svm1_home1/jbaron/bard_dgemm_test,,,,,,,batch,None,00:00:00,1,,,0:0,,,1M,1,1,00:00:00,0,128,00:00:00,1,00:00:00,,,billing=1;cpu=1;mem=1M;node=1,billing=128;cpu=128;node=1,,,SchedMain,,,
58584,29168,3084,ven113_hpl,ven113,dgemm,60,2021-10-11T15:07:26,2021-10-11T15:07:26,2021-10-11T15:08:08,COMPLETED,0:0,,,1,2021-10-11T15:07:26,,00:00:00,5376,42,,,,normal,0,/autofs/nccs-svm1_home1/jbaron/bard_dgemm_test,,,,,,,batch,Prolog,00:00:00,1,,,0:0,,,1M,1,1,00:00:00,0,128,00:00:00,1,00:00:00,,,billing=1;cpu=1;mem=1M;node=1,billing=128;cpu=128;node=1,,,SchedMain,,,
17047,29168,3085,ven113_hpl,ven113,interactive,60,2021-10-11T15:19:05,2021-10-11T15:19:05,2021-10-11T15:19:44,COMPLETED,0:0,,,1,2021-10-11T15:19:05,,00:00:00,4992,39,,,,normal,0,/autofs/nccs-svm1_home1/cliaohpe,,,,,,,batch,None,00:00:00,1,,,0:0,,,1M,1,1,00:00:00,0,128,00:00:00,1,00:00:00,,,billing=1;cpu=1;mem=1M;node=1,billing=128;cpu=128;node=1,,,SchedSubmit,,,
17047,29168,3086,ven113_hpl,ven113,interactive,60,2021-10-11T15:20:24,2021-10-11T15:20:24,2021-10-11T15:21:00,COMPLETED,0:0,,,1,2021-10-11T15:20:24,nvme,00:00:00,4608,36,,,,normal,0,/autofs/nccs-svm1_home1/cliaohpe,,,,,,,batch,None,00:00:00,1,,,0:0,,,1M,1,1,00:00:00,0,128,00:00:00,1,00:00:00,,,billing=1;cpu=1;mem=1M;node=1,billing=128;cpu=128;node=1,,,SchedSubmit,,,
14972,26462,3087,ppeltz,stf002,interactive,60,2021-10-11T15:21:09,2021-10-11T15:21:09,2021-10-11T15:21:34,COMPLETED,0:0,,,1,2021-10-11T15:21:09,,00:00:00,3200,25,,,,normal,0,/autofs/nccs-svm1_home2/ppeltz,,,,,,,batch,None,00:00:00,1,,,0:0,,,1M,1,1,00:00:00,0,128,00:00:00,1,00:00:00,,,billing=1;cpu=1;mem=1M;node=1,billing=128;cpu=128;node=1,,,SchedSubmit,,,
14972,26462,3088,ppeltz,stf002,interactive,60,2021-10-11T15:21:42,2021-10-11T15:21:42,2021-10-11T15:21:57,FAILED,1:0,,,1,2021-10-11T15:21:42,,00:00:00,1920,15,,,,normal,0,/autofs/nccs-svm1_home2/ppeltz,,,,,,,batch,None,00:00:00,1,,,1:0,,,1M,1,1,00:00:00,0,128,00:00:00,1,00:00:00,,,billing=1;cpu=1;mem=1M;node=1,billing=128;cpu=128;node=1,,,SchedSubmit,,,
14972,26462,3089,ppeltz,stf002,interactive,60,2021-10-11T15:24:05,2021-10-11T15:24:05,2021-10-11T15:26:53,COMPLETED,0:0,,,1,2021-10-11T15:24:05,,00:00:00,21504,168,,,,normal,0,/autofs/nccs-svm1_home2/ppeltz,,,,,,,batch,None,00:00:00,1,,,0:0,,,1M,1,1,00:00:00,0,128,00:00:00,1,00:00:00,,,billing=1;cpu=1;mem=1M;node=1,billing=128;cpu=128;node=1,,,SchedSubmit,,,
58584,29168,3090,ven113_hpl,ven113,dgemm,60,2021-10-11T15:25:04,2021-10-11T15:25:05,2021-10-11T15:26:15,FAILED,0:9,,,1,2021-10-11T15:25:04,,00:00:00,8960,70,,,,normal,0,/autofs/nccs-svm1_home1/jbaron/bard_dgemm_test,,,,,,,batch,None,00:00:00,1,,,0:0,,,1M,1,1,00:00:01,1,128,00:00:00,1,00:00:00,,,billing=1;cpu=1;mem=1M;node=1,billing=128;cpu=128;node=1,,,SchedMain,,,
58584,29168,3091,ven113_hpl,ven113,dgemm,60,2021-10-11T15:25:06,2021-10-11T15:25:08,2021-10-11T15:26:21,FAILED,0:9,,,1,2021-10-11T15:25:06,,00:00:00,9344,73,,,,normal,0,/autofs/nccs-svm1_home1/jbaron/bard_dgemm_test,,,,,,,batch,None,00:00:00,1,,,0:0,,,1M,1,1,00:00:02,2,128,00:00:00,1,00:00:00,,,billing=1;cpu=1;mem=1M;node=1,billing=128;cpu=128;node=1,,,SchedMain,,,
58584,29168,3092,ven113_hpl,ven113,dgemm,60,2021-10-11T15:25:07,2021-10-11T15:25:08,2021-10-11T15:26:19,FAILED,0:9,,,1,2021-10-11T15:25:07,,00:00:00,9088,71,,,,normal,0,/autofs/nccs-svm1_home1/jbaron/bard_dgemm_test,,,,,,,batch,None,00:00:00,1,,,0:0,,,1M,1,1,00:00:01,1,128,00:00:00,1,00:00:00,,,billing=1;cpu=1;mem=1M;node=1,billing=128;cpu=128;node=1,,,SchedMain,,,
58584,29168,3093,ven113_hpl,ven113,bash,60,2021-10-11T15:28:43,2021-10-11T15:28:43,2021-10-11T15:29:25,COMPLETED,0:0,,,1,2021-10-11T15:28:43,,00:00:00,5376,42,,,,normal,0,/autofs/nccs-svm1_home1/jbaron/bard_dgemm_test,,,,,,,batch,None,00:00:00,1,,,0:0,,,1M,1,1,00:00:00,0,128,00:00:00,1,00:00:00,,,billing=1;cpu=1;mem=1M;node=1,billing=128;cpu=128;node=1,,,SchedSubmit,,,
58584,29168,3094,ven113_hpl,ven113,interactive,60,2021-10-11T15:29:38,2021-10-11T15:29:38,2021-10-11T15:30:06,COMPLETED,0:0,,,1,2021-10-11T15:29:38,,00:00:00,3584,28,,,,normal,0,/autofs/nccs-svm1_home1/jbaron/bard_dgemm_test,,,,,,,batch,None,00:00:00,1,,,0:0,,,1M,1,1,00:00:00,0,128,00:00:00,1,00:00:00,,,billing=1;cpu=1;mem=1M;node=1,billing=128;cpu=128;node=1,,,SchedSubmit,,,
58707,29168,3095,ven113_hpl,ven113,hpl_1N,60,2021-10-11T15:36:18,2021-10-11T15:36:18,2021-10-11T16:10:45,COMPLETED,0:0,,,1,2021-10-11T15:36:18,,00:00:00,16932864,2067,,,,normal,0,/autofs/nccs-svm1_home1/mcmahon/rocHPL.lockhart440/per-node,,,,,,,batch,None,00:00:00,64,,,0:15,,,64M,64,64,00:00:00,0,8192,00:00:00,4096,00:00:00,,,billing=4096;cpu=4096;mem=64M;node=64,billing=8192;cpu=8192;node=64,,,SchedMain,,,
58707,29168,3096,ven113_hpl,ven113,hpl_1N,60,2021-10-11T15:36:19,2021-10-11T15:36:22,2021-10-11T16:11:29,COMPLETED,0:0,,,1,2021-10-11T15:36:19,,00:00:00,17260544,2107,,,,normal,0,/autofs/nccs-svm1_home1/mcmahon/rocHPL.lockhart440/per-node,,,,,,,batch,None,00:00:00,64,,,0:15,,,64M,64,64,00:00:03,12288,8192,00:00:00,4096,00:00:00,,,billing=4096;cpu=4096;mem=64M;node=64,billing=8192;cpu=8192;node=64,,,SchedMain,,,
58707,29168,3097,ven113_hpl,ven113,hpl_1N,60,2021-10-11T15:36:20,2021-10-11T15:36:22,2021-10-11T16:08:17,NODE_FAIL,0:0,,,1,2021-10-11T15:36:20,,00:00:00,15687680,1915,,,,normal,0,/autofs/nccs-svm1_home1/mcmahon/rocHPL.lockhart440/per-node,,,,,,,batch,None,00:00:00,64,,,0:15,,,64M,64,64,00:00:02,8192,8192,00:00:00,4096,00:00:00,,,billing=4096;cpu=4096;mem=64M;node=64,billing=8192;cpu=8192;node=64,,,SchedMain,,,
58707,29168,3098,ven113_hpl,ven113,hpl_1N,60,2021-10-11T15:36:21,2021-10-11T15:36:22,2021-10-11T15:53:17,NODE_FAIL,0:0,,,1,2021-10-11T15:36:21,,00:00:00,8314880,1015,,,,normal,0,/autofs/nccs-svm1_home1/mcmahon/rocHPL.lockhart440/per-node,,,,,,,batch,None,00:00:00,64,,,0:15,,,64M,64,64,00:00:01,4096,8192,00:00:00,4096,00:00:00,,,billing=4096;cpu=4096;mem=64M;node=64,billing=8192;cpu=8192;node=64,,,SchedMain,,,
58707,29168,3099,ven113_hpl,ven113,bynode,240,2021-10-11T15:38:31,2021-10-11T15:38:31,2021-10-11T15:51:28,COMPLETED,0:0,,,1,2021-10-11T15:38:31,,00:00:00,6365184,777,,,,normal,0,/autofs/nccs-svm1_home1/mcmahon/rocHPL.lockhart440/bynode,,,,,,,batch,None,00:00:00,64,,,0:0,,,64M,64,64,00:00:00,0,8192,00:00:00,4096,00:00:00,,,billing=4096;cpu=4096;mem=64M;node=64,billing=8192;cpu=8192;node=64,,,SchedMain,,,
58707,29168,3100,ven113_hpl,ven113,bynode,240,2021-10-11T15:38:36,2021-10-11T15:38:37,2021-10-11T15:51:38,COMPLETED,0:0,,,1,2021-10-11T15:38:36,,00:00:00,6397952,781,,,,normal,0,/autofs/nccs-svm1_home1/mcmahon/rocHPL.lockhart440/bynode,,,,,,,batch,None,00:00:00,64,,,0:0,,,64M,64,64,00:00:01,4096,8192,00:00:00,4096,00:00:00,,,billing=4096;cpu=4096;mem=64M;node=64,billing=8192;cpu=8192;node=64,,,SchedMain,,,
58707,29168,3101,ven113_hpl,ven113,bynode,240,2021-10-11T15:38:37,2021-10-11T15:38:37,2021-10-11T15:51:21,COMPLETED,0:0,,,1,2021-10-11T15:38:37,,00:00:00,6258688,764,,,,normal,0,/autofs/nccs-svm1_home1/mcmahon/rocHPL.lockhart440/bynode,,,,,,,batch,None,00:00:00,64,,,0:0,,,64M,64,64,00:00:00,0,8192,00:00:00,4096,00:00:00,,,billing=4096;cpu=4096;mem=64M;node=64,billing=8192;cpu=8192;node=64,,,SchedMain,,,
58707,29168,3102,ven113_hpl,ven113,bynode,240,2021-10-11T15:38:38,2021-10-11T15:38:40,2021-10-11T15:52:00,COMPLETED,0:0,,,1,2021-10-11T15:38:38,,00:00:00,6553600,800,,,,normal,0,/autofs/nccs-svm1_home1/mcmahon/rocHPL.lockhart440/bynode,,,,,,,batch,None,00:00:00,64,,,0:15,,,64M,64,64,00:00:02,8192,8192,00:00:00,4096,00:00:00,,,billing=4096;cpu=4096;mem=64M;node=64,billing=8192;cpu=8192;node=64,,,SchedMain,,,
58584,100,3103,users,ven113,interactive,60,2021-10-11T15:39:48,2021-10-11T15:39:48,2021-10-11T15:40:17,COMPLETED,0:0,,,1,2021-10-11T15:39:48,,00:00:00,3712,29,,,,normal,0,/autofs/nccs-svm1_home1/jbaron,,,,,,,batch,None,00:00:00,1,,,0:0,,,1M,1,1,00:00:00,0,128,00:00:00,1,00:00:00,,,billing=1;cpu=1;mem=1M;node=1,billing=128;cpu=128;node=1,,,SchedSubmit,,,
58584,100,3104,users,ven113,interactive,60,2021-10-11T15:40:26,2021-10-11T15:40:26,2021-10-11T15:41:30,COMPLETED,0:0,,,1,2021-10-11T15:40:26,,00:00:00,8192,64,,,,normal,0,/autofs/nccs-svm1_home1/jbaron,,,,,,,batch,None,00:00:00,1,,,0:0,,,1M,1,1,00:00:00,0,128,00:00:00,1,00:00:00,,,billing=1;cpu=1;mem=1M;node=1,billing=128;cpu=128;node=1,,,SchedSubmit,,,
58584,29168,3105,ven113_hpl,ven113,dgemm,60,2021-10-11T15:41:04,2021-10-11T15:41:05,2021-10-11T15:42:32,FAILED,0:9,,,1,2021-10-11T15:41:04,,00:00:00,11136,87,,,,normal,0,/autofs/nccs-svm1_home1/jbaron/bard_dgemm_test,,,,,,,batch,None,00:00:00,1,,,0:0,,,1M,1,1,00:00:01,1,128,00:00:00,1,00:00:00,,,billing=1;cpu=1;mem=1M;node=1,billing=128;cpu=128;node=1,,,SchedMain,,,
58584,100,3106,users,ven113,interactive,60,2021-10-11T15:41:14,2021-10-11T15:41:14,2021-10-11T15:41:28,COMPLETED,0:0,,,1,2021-10-11T15:41:14,,00:00:00,1792,14,,,,normal,0,/autofs/nccs-svm1_home1/jbaron,,,,,,,batch,None,00:00:00,1,,,0:0,,,1M,1,1,00:00:00,0,128,00:00:00,1,00:00:00,,,billing=1;cpu=1;mem=1M;node=1,billing=128;cpu=128;node=1,,,SchedSubmit,,,
58584,100,3107,users,ven113,interactive,60,2021-10-11T15:41:43,2021-10-11T15:41:43,2021-10-11T15:41:51,FAILED,1:0,,,1,2021-10-11T15:41:43,,00:00:00,1024,8,,,,normal,0,/autofs/nccs-svm1_home1/jbaron,,,,,,,batch,None,00:00:00,1,,,1:0,,,1M,1,1,00:00:00,0,128,00:00:00,1,00:00:00,,,billing=1;cpu=1;mem=1M;node=1,billing=128;cpu=128;node=1,,,SchedSubmit,,,
58707,29168,3108,ven113_hpl,ven113,bynode,240,2021-10-11T15:42:13,2021-10-11T15:42:14,2021-10-11T16:31:14,CANCELLED by 58707,0:0,,,1,2021-10-11T15:42:13,,00:00:00,24084480,2940,,,,normal,0,/autofs/nccs-svm1_home1/mcmahon/rocHPL.lockhart440/bynode,,,,,,,batch,None,00:00:00,64,,,0:0,,,64M,64,64,00:00:01,4096,8192,00:00:00,4096,00:00:00,,,billing=4096;cpu=4096;mem=64M;node=64,billing=8192;cpu=8192;node=64,,,SchedMain,,,
58707,29168,3109,ven113_hpl,ven113,bynode,240,2021-10-11T15:42:14,2021-10-11T15:42:17,2021-10-11T15:56:37,NODE_FAIL,0:0,,,1,2021-10-11T15:42:14,,00:00:00,7045120,860,,,,normal,0,/autofs/nccs-svm1_home1/mcmahon/rocHPL.lockhart440/bynode,,,,,,,batch,None,00:00:00,64,,,0:0,,,64M,64,64,00:00:03,12288,8192,00:00:00,4096,00:00:00,,,billing=4096;cpu=4096;mem=64M;node=64,billing=8192;cpu=8192;node=64,,,SchedMain,,,
17047,29168,3110,ven113_hpl,ven113,interactive,60,2021-10-11T15:44:50,2021-10-11T15:44:50,2021-10-11T15:56:07,FAILED,1:0,,,1,2021-10-11T15:44:50,nvme,00:00:00,86656,677,,,,normal,0,/autofs/nccs-svm1_home1/cliaohpe,,,,,,,batch,None,00:00:00,1,,,1:0,,,1M,1,1,00:00:00,0,128,00:00:00,1,00:00:00,,,billing=1;cpu=1;mem=1M;node=1,billing=128;cpu=128;node=1,,,SchedSubmit,,,
58584,100,3111,users,ven113,interactive,60,2021-10-11T15:46:51,2021-10-11T15:46:51,2021-10-11T15:47:11,COMPLETED,0:0,,,1,2021-10-11T15:46:51,,00:00:00,2560,20,,,,normal,0,/autofs/nccs-svm1_home1/jbaron,,,,,,,batch,None,00:00:00,1,,,0:0,,,1M,1,1,00:00:00,0,128,00:00:00,1,00:00:00,,,billing=1;cpu=1;mem=1M;node=1,billing=128;cpu=128;node=1,,,SchedSubmit,,,
58584,29168,3112,ven113_hpl,ven113,interactive,60,2021-10-11T15:47:53,2021-10-11T15:47:53,2021-10-11T15:48:53,COMPLETED,0:0,,,1,2021-10-11T15:47:53,,00:00:00,7680,60,,,,normal,0,/autofs/nccs-svm1_home1/jbaron,,,,,,,batch,None,00:00:00,1,,,0:0,,,1M,1,1,00:00:00,0,128,00:00:00,1,00:00:00,,,billing=1;cpu=1;mem=1M;node=1,billing=128;cpu=128;node=1,,,SchedSubmit,,,
58707,29168,3113,ven113_hpl,ven113,bynode,240,2021-10-11T15:47:59,2021-10-11T15:47:59,2021-10-11T15:58:17,NODE_FAIL,0:0,,,1,2021-10-11T15:47:59,,00:00:00,5062656,618,,,,normal,0,/autofs/nccs-svm1_home1/mcmahon/rocHPL.lockhart440/bynode,,,,,,,batch,None,00:00:00,64,,,0:0,,,64M,64,64,00:00:00,0,8192,00:00:00,4096,00:00:00,,,billing=4096;cpu=4096;mem=64M;node=64,billing=8192;cpu=8192;node=64,,,SchedMain,,,
58707,29168,3114,ven113_hpl,ven113,bynode,240,2021-10-11T15:48:01,2021-10-11T15:48:02,2021-10-11T15:59:52,COMPLETED,0:0,,,1,2021-10-11T15:48:01,,00:00:00,5816320,710,,,,normal,0,/autofs/nccs-svm1_home1/mcmahon/rocHPL.lockhart440/bynode,,,,,,,batch,None,00:00:00,64,,,0:0,,,64M,64,64,00:00:01,4096,8192,00:00:00,4096,00:00:00,,,billing=4096;cpu=4096;mem=64M;node=64,billing=8192;cpu=8192;node=64,,,SchedMain,,,
58707,29168,3115,ven113_hpl,ven113,bynode,240,2021-10-11T15:48:03,2021-10-11T15:48:05,2021-10-11T15:58:17,NODE_FAIL,0:0,,,1,2021-10-11T15:48:03,,00:00:00,5013504,612,,,,normal,0,/autofs/nccs-svm1_home1/mcmahon/rocHPL.lockhart440/bynode,,,,,,,batch,None,00:00:00,64,,,0:0,,,64M,64,64,00:00:02,8192,8192,00:00:00,4096,00:00:00,,,billing=4096;cpu=4096;mem=64M;node=64,billing=8192;cpu=8192;node=64,,,SchedMain,,,
58707,29168,3116,ven113_hpl,ven113,bynode,240,2021-10-11T15:48:05,2021-10-11T15:48:05,2021-10-11T15:59:17,COMPLETED,0:0,,,1,2021-10-11T15:48:05,,00:00:00,5505024,672,,,,normal,0,/autofs/nccs-svm1_home1/mcmahon/rocHPL.lockhart440/bynode,,,,,,,batch,None,00:00:00,64,,,0:0,,,64M,64,64,00:00:00,0,8192,00:00:00,4096,00:00:00,,,billing=4096;cpu=4096;mem=64M;node=64,billing=8192;cpu=8192;node=64,,,SchedMain,,,
58707,29168,3117,ven113_hpl,ven113,bynode,240,2021-10-11T15:48:07,2021-10-11T15:48:08,2021-10-11T15:58:24,COMPLETED,0:0,,,1,2021-10-11T15:48:07,,00:00:00,5046272,616,,,,normal,0,/autofs/nccs-svm1_home1/mcmahon/rocHPL.lockhart440/bynode,,,,,,,batch,None,00:00:00,64,,,0:0,,,64M,64,64,00:00:01,4096,8192,00:00:00,4096,00:00:00,,,billing=4096;cpu=4096;mem=64M;node=64,billing=8192;cpu=8192;node=64,,,SchedMain,,,
58707,29168,3118,ven113_hpl,ven113,bynode,240,2021-10-11T15:48:09,2021-10-11T15:48:11,2021-10-11T15:59:13,COMPLETED,0:0,,,1,2021-10-11T15:48:09,,00:00:00,5423104,662,,,,normal,0,/autofs/nccs-svm1_home1/mcmahon/rocHPL.lockhart440/bynode,,,,,,,batch,None,00:00:00,64,,,0:0,,,64M,64,64,00:00:02,8192,8192,00:00:00,4096,00:00:00,,,billing=4096;cpu=4096;mem=64M;node=64,billing=8192;cpu=8192;node=64,,,SchedMain,,,
58707,29168,3119,ven113_hpl,ven113,bynode,240,2021-10-11T15:48:11,2021-10-11T15:48:11,2021-10-11T16:00:18,COMPLETED,0:0,,,1,2021-10-11T15:48:11,,00:00:00,5955584,727,,,,normal,0,/autofs/nccs-svm1_home1/mcmahon/rocHPL.lockhart440/bynode,,,,,,,batch,None,00:00:00,64,,,0:0,,,64M,64,64,00:00:00,0,8192,00:00:00,4096,00:00:00,,,billing=4096;cpu=4096;mem=64M;node=64,billing=8192;cpu=8192;node=64,,,SchedMain,,,
58707,29168,3120,ven113_hpl,ven113,bynode,240,2021-10-11T15:48:13,2021-10-11T15:48:14,2021-10-11T15:58:56,COMPLETED,0:0,,,1,2021-10-11T15:48:13,,00:00:00,5259264,642,,,,normal,0,/autofs/nccs-svm1_home1/mcmahon/rocHPL.lockhart440/bynode,,,,,,,batch,None,00:00:00,64,,,0:0,,,64M,64,64,00:00:01,4096,8192,00:00:00,4096,00:00:00,,,billing=4096;cpu=4096;mem=64M;node=64,billing=8192;cpu=8192;node=64,,,SchedMain,,,
58707,29168,3121,ven113_hpl,ven113,bynode,240,2021-10-11T15:48:15,2021-10-11T15:48:17,2021-10-11T15:59:38,COMPLETED,0:0,,,1,2021-10-11T15:48:15,,00:00:00,5578752,681,,,,normal,0,/autofs/nccs-svm1_home1/mcmahon/rocHPL.lockhart440/bynode,,,,,,,batch,None,00:00:00,64,,,0:0,,,64M,64,64,00:00:02,8192,8192,00:00:00,4096,00:00:00,,,billing=4096;cpu=4096;mem=64M;node=64,billing=8192;cpu=8192;node=64,,,SchedMain,,,
58707,29168,3122,ven113_hpl,ven113,bynode,240,2021-10-11T15:48:17,Unknown,2021-10-11T15:48:46,CANCELLED by 58707,0:0,,,1,2021-10-11T15:48:17,,00:00:00,0,0,,,,normal,0,/autofs/nccs-svm1_home1/mcmahon/rocHPL.lockhart440/bynode,0,,,,,,batch,None,00:00:00,0,,,0:0,,,64M,64,64,1297-02:58:27,3778359296,0,00:00:00,4096,00:00:00,,,billing=4096;cpu=4096;mem=64M;node=64,,,,,,,
58584,100,3123,users,ven113,interactive,60,2021-10-11T15:49:02,2021-10-11T15:49:02,2021-10-11T15:49:28,COMPLETED,0:0,,,1,2021-10-11T15:49:02,,00:00:00,3328,26,,,,normal,0,/autofs/nccs-svm1_home1/jbaron,,,,,,,batch,None,00:00:00,1,,,0:0,,,1M,1,1,00:00:00,0,128,00:00:00,1,00:00:00,,,billing=1;cpu=1;mem=1M;node=1,billing=128;cpu=128;node=1,,,SchedSubmit,,,
58584,100,3124,users,ven113,dgemm,60,2021-10-11T15:55:05,2021-10-11T15:55:05,2021-10-11T15:56:34,FAILED,0:9,,,1,2021-10-11T15:55:05,,00:00:00,11392,89,,,,normal,0,/autofs/nccs-svm1_home1/jbaron/bard_dgemm_test,,,,,,,batch,None,00:00:00,1,,,0:0,,,1M,1,1,00:00:00,0,128,00:00:00,1,00:00:00,,,billing=1;cpu=1;mem=1M;node=1,billing=128;cpu=128;node=1,,,SchedMain,,,
58584,100,3125,users,ven113,dgemm,60,2021-10-11T16:00:17,2021-10-11T16:00:17,2021-10-11T16:00:56,COMPLETED,0:0,,,1,2021-10-11T16:00:17,,00:00:00,4992,39,,,,normal,0,/autofs/nccs-svm1_home1/jbaron/bard_dgemm_test,,,,,,,batch,None,00:00:00,1,,,0:0,,,1M,1,1,00:00:00,0,128,00:00:00,1,00:00:00,,,billing=1;cpu=1;mem=1M;node=1,billing=128;cpu=128;node=1,,,SchedMain,,,
58584,100,3126,users,ven113,dgemm,60,2021-10-11T16:08:08,2021-10-11T16:08:09,2021-10-11T16:09:25,FAILED,0:9,,,1,2021-10-11T16:08:08,,00:00:00,9728,76,,,,normal,0,/autofs/nccs-svm1_home1/jbaron/bard_dgemm_test,,,,,,,batch,None,00:00:00,1,,,0:0,,,1M,1,1,00:00:01,1,128,00:00:00,1,00:00:00,,,billing=1;cpu=1;mem=1M;node=1,billing=128;cpu=128;node=1,,,SchedMain,,,
17047,29168,3127,ven113_hpl,ven113,interactive,60,2021-10-11T16:15:21,2021-10-11T16:15:21,2021-10-11T16:16:23,COMPLETED,0:0,,,1,2021-10-11T16:15:21,nvme,00:00:00,7936,62,,,,normal,0,/autofs/nccs-svm1_home1/cliaohpe/rocHPL_test/run_scripts_rowmajor,,,,,,,batch,None,00:00:00,1,,,0:0,,,1M,1,1,00:00:00,0,128,00:00:00,1,00:00:00,,,billing=1;cpu=1;mem=1M;node=1,billing=128;cpu=128;node=1,,,SchedSubmit,,,
58707,1504,3128,mcmahon,ven113,interactive,60,2021-10-11T16:22:09,2021-10-11T16:22:09,2021-10-11T16:24:53,COMPLETED,0:0,,,1,2021-10-11T16:22:09,,00:00:00,24560640,164,,,,normal,0,/autofs/nccs-svm1_home1/mcmahon,,,,,,,batch,None,00:00:00,1170,,,0:0,,,1170M,1170,1170,00:00:00,0,149760,00:00:00,1170,00:00:00,,,billing=1170;cpu=1170;mem=1170M;node=1170,billing=149760;cpu=149760;node=1170,,,SchedSubmit,,,
17047,29168,3129,ven113_hpl,ven113,interactive,60,2021-10-11T16:22:45,Unknown,2021-10-11T16:22:48,CANCELLED by 17047,0:0,,,1,2021-10-11T16:22:45,nvme,00:00:00,0,0,,,,normal,0,/autofs/nccs-svm1_home1/cliaohpe/rocHPL_test/run_scripts_rowmajor,0,,,,,,batch,None,00:00:00,0,,,0:0,,,1M,1,1,1297-02:23:59,112069439,0,00:00:00,1,00:00:00,,,billing=1;cpu=1;mem=1M;node=1,,,,,,,
58584,100,3130,users,ven113,interactive,60,2021-10-11T16:24:26,2021-10-11T16:25:00,2021-10-11T16:30:41,COMPLETED,0:0,,,1,2021-10-11T16:24:26,,00:00:00,43648,341,,,,normal,0,/autofs/nccs-svm1_home1/jbaron/bard_dgemm_test,,,,,,,batch,None,00:00:00,1,,,0:0,,,1M,1,1,00:00:34,34,128,00:00:00,1,00:00:00,,,billing=1;cpu=1;mem=1M;node=1,billing=128;cpu=128;node=1,,,SchedBackfill,,,
58584,100,3131,users,ven113,hpl_build,60,2021-10-11T16:36:50,2021-10-11T16:36:50,2021-10-11T16:37:01,COMPLETED,0:0,,,1,2021-10-11T16:36:50,,00:00:00,1408,11,,,,normal,0,/autofs/nccs-svm1_home1/jbaron/rocHPL.frankenstein421_rocm4.4,,,,,,,batch,None,00:00:00,1,,,0:0,,,1M,1,1,00:00:00,0,128,00:00:00,64,00:00:00,,,billing=64;cpu=64;mem=1M;node=1,billing=128;cpu=128;node=1,,,SchedMain,,,
58584,100,3132,users,ven113,hpl_build,60,2021-10-11T16:55:53,2021-10-11T16:55:54,2021-10-11T16:56:03,COMPLETED,0:0,,,1,2021-10-11T16:55:53,,00:00:00,1152,9,,,,normal,0,/autofs/nccs-svm1_home1/jbaron/rocHPL.frankenstein421_rocm4.4,,,,,,,batch,None,00:00:00,1,,,0:0,,,1M,1,1,00:00:01,64,128,00:00:00,64,00:00:00,,,billing=64;cpu=64;mem=1M;node=1,billing=128;cpu=128;node=1,,,SchedMain,,,
58707,29168,3133,ven113_hpl,ven113,interactive,60,2021-10-11T16:59:58,2021-10-11T16:59:58,2021-10-11T17:06:10,COMPLETED,0:0,,,1,2021-10-11T16:59:58,,00:00:00,3047424,372,,,,normal,0,/autofs/nccs-svm1_home1/mcmahon/godfrey,,,,,,,batch,None,00:00:00,64,,,0:0,,,64M,64,64,00:00:00,0,8192,00:00:00,64,00:00:00,,,billing=64;cpu=64;mem=64M;node=64,billing=8192;cpu=8192;node=64,,,SchedSubmit,,,
58584,100,3134,users,ven113,hpl_build,60,2021-10-11T17:06:57,2021-10-11T17:06:57,2021-10-11T17:07:04,COMPLETED,0:0,,,1,2021-10-11T17:06:57,,00:00:00,896,7,,,,normal,0,/autofs/nccs-svm1_home1/jbaron/rocHPL.frankenstein421_rocm4.4,,,,,,,batch,None,00:00:00,1,,,0:0,,,1M,1,1,00:00:00,0,128,00:00:00,64,00:00:00,,,billing=64;cpu=64;mem=1M;node=1,billing=128;cpu=128;node=1,,,SchedMain,,,
58584,100,3135,users,ven113,hpl_build,60,2021-10-11T17:07:48,2021-10-11T17:07:49,2021-10-11T17:07:57,COMPLETED,0:0,,,1,2021-10-11T17:07:48,,00:00:00,1024,8,,,,normal,0,/autofs/nccs-svm1_home1/jbaron/rocHPL.frankenstein421_rocm4.4,,,,,,,batch,None,00:00:00,1,,,0:0,,,1M,1,1,00:00:01,64,128,00:00:00,64,00:00:00,,,billing=64;cpu=64;mem=1M;node=1,billing=128;cpu=128;node=1,,,SchedMain,,,
58707,29168,3136,ven113_hpl,ven113,mcmahon,60,2021-10-11T17:14:38,2021-10-11T17:14:38,2021-10-11T17:14:45,COMPLETED,0:0,,,1,2021-10-11T17:14:38,,00:00:00,57344,7,,,,normal,0,/autofs/nccs-svm1_home1/mcmahon/rocHPL.lockhart440/run_scripts_rowmajor,,,,,,,batch,None,00:00:00,64,,,0:15,,,64M,64,64,00:00:00,0,8192,00:00:00,4096,00:00:00,,,billing=4096;cpu=4096;mem=64M;node=64,billing=8192;cpu=8192;node=64,,,SchedMain,,,
58707,29168,3137,ven113_hpl,ven113,mcmahon,60,2021-10-11T17:16:11,2021-10-11T17:16:12,2021-10-11T17:28:11,COMPLETED,0:0,,,1,2021-10-11T17:16:11,,00:00:00,5890048,719,,,,normal,0,/autofs/nccs-svm1_home1/mcmahon/rocHPL.lockhart440/run_scripts_rowmajor,,,,,,,batch,None,00:00:00,64,,,0:15,,,64M,64,64,00:00:01,4096,8192,00:00:00,4096,00:00:00,,,billing=4096;cpu=4096;mem=64M;node=64,billing=8192;cpu=8192;node=64,,,SchedMain,,,
58584,100,3138,users,ven113,hpl_build,60,2021-10-11T17:16:51,2021-10-11T17:16:52,2021-10-11T17:17:01,COMPLETED,0:0,,,1,2021-10-11T17:16:51,,00:00:00,1152,9,,,,normal,0,/autofs/nccs-svm1_home1/jbaron/rocHPL.frankenstein421_rocm4.4,,,,,,,batch,None,00:00:00,1,,,0:0,,,1M,1,1,00:00:01,64,128,00:00:00,64,00:00:00,,,billing=64;cpu=64;mem=1M;node=1,billing=128;cpu=128;node=1,,,SchedMain,,,
58707,29168,3139,ven113_hpl,ven113,mcmahon,60,2021-10-11T17:22:57,2021-10-11T17:22:57,2021-10-11T17:34:42,COMPLETED,0:0,,,1,2021-10-11T17:22:57,,00:00:00,5775360,705,,,,normal,0,/autofs/nccs-svm1_home1/mcmahon/rocHPL.lockhart440/run_scripts_rowmajor,,,,,,,batch,None,00:00:00,64,,,0:15,,,64M,64,64,00:00:00,0,8192,00:00:00,4096,00:00:00,,,billing=4096;cpu=4096;mem=64M;node=64,billing=8192;cpu=8192;node=64,,,SchedMain,,,
58707,29168,3140,ven113_hpl,ven113,mcmahon,60,2021-10-11T17:22:59,2021-10-11T17:23:00,2021-10-11T17:23:31,COMPLETED,0:0,,,1,2021-10-11T17:22:59,,00:00:00,253952,31,,,,normal,0,/autofs/nccs-svm1_home1/mcmahon/rocHPL.lockhart440/run_scripts_rowmajor,,,,,,,batch,None,00:00:00,64,,,0:15,,,64M,64,64,00:00:01,4096,8192,00:00:00,4096,00:00:00,,,billing=4096;cpu=4096;mem=64M;node=64,billing=8192;cpu=8192;node=64,,,SchedBackfill,,,
58707,29168,3141,ven113_hpl,ven113,mcmahon,60,2021-10-11T17:23:01,2021-10-11T17:23:03,2021-10-11T17:35:03,COMPLETED,0:0,,,1,2021-10-11T17:23:01,,00:00:00,5898240,720,,,,normal,0,/autofs/nccs-svm1_home1/mcmahon/rocHPL.lockhart440/run_scripts_rowmajor,,,,,,,batch,None,00:00:00,64,,,0:15,,,64M,64,64,00:00:02,8192,8192,00:00:00,4096,00:00:00,,,billing=4096;cpu=4096;mem=64M;node=64,billing=8192;cpu=8192;node=64,,,SchedMain,,,
58707,29168,3142,ven113_hpl,ven113,mcmahon,60,2021-10-11T17:23:03,2021-10-11T17:23:03,2021-10-11T17:40:11,COMPLETED,0:0,,,1,2021-10-11T17:23:03,,00:00:00,8421376,1028,,,,normal,0,/autofs/nccs-svm1_home1/mcmahon/rocHPL.lockhart440/run_scripts_rowmajor,,,,,,,batch,None,00:00:00,64,,,0:0,,,64M,64,64,00:00:00,0,8192,00:00:00,4096,00:00:00,,,billing=4096;cpu=4096;mem=64M;node=64,billing=8192;cpu=8192;node=64,,,SchedMain,,,
58707,29168,3143,ven113_hpl,ven113,mcmahon,60,2021-10-11T17:23:05,2021-10-11T17:23:06,2021-10-11T17:34:57,COMPLETED,0:0,,,1,2021-10-11T17:23:05,,00:00:00,5824512,711,,,,normal,0,/autofs/nccs-svm1_home1/mcmahon/rocHPL.lockhart440/run_scripts_rowmajor,,,,,,,batch,None,00:00:00,64,,,0:15,,,64M,64,64,00:00:01,4096,8192,00:00:00,4096,00:00:00,,,billing=4096;cpu=4096;mem=64M;node=64,billing=8192;cpu=8192;node=64,,,SchedMain,,,
58707,29168,3144,ven113_hpl,ven113,mcmahon,60,2021-10-11T17:23:07,2021-10-11T17:23:09,2021-10-11T17:34:58,COMPLETED,0:0,,,1,2021-10-11T17:23:07,,00:00:00,5808128,709,,,,normal,0,/autofs/nccs-svm1_home1/mcmahon/rocHPL.lockhart440/run_scripts_rowmajor,,,,,,,batch,None,00:00:00,64,,,0:15,,,64M,64,64,00:00:02,8192,8192,00:00:00,4096,00:00:00,,,billing=4096;cpu=4096;mem=64M;node=64,billing=8192;cpu=8192;node=64,,,SchedMain,,,
58707,29168,3145,ven113_hpl,ven113,mcmahon,60,2021-10-11T17:23:09,2021-10-11T17:23:09,2021-10-11T17:23:47,COMPLETED,0:0,,,1,2021-10-11T17:23:09,,00:00:00,311296,38,,,,normal,0,/autofs/nccs-svm1_home1/mcmahon/rocHPL.lockhart440/run_scripts_rowmajor,,,,,,,batch,None,00:00:00,64,,,0:15,,,64M,64,64,00:00:00,0,8192,00:00:00,4096,00:00:00,,,billing=4096;cpu=4096;mem=64M;node=64,billing=8192;cpu=8192;node=64,,,SchedMain,,,
58707,29168,3146,ven113_hpl,ven113,mcmahon,60,2021-10-11T17:23:11,2021-10-11T17:23:12,2021-10-11T17:23:41,COMPLETED,0:0,,,1,2021-10-11T17:23:11,,00:00:00,237568,29,,,,normal,0,/autofs/nccs-svm1_home1/mcmahon/rocHPL.lockhart440/run_scripts_rowmajor,,,,,,,batch,None,00:00:00,64,,,0:15,,,64M,64,64,00:00:01,4096,8192,00:00:00,4096,00:00:00,,,billing=4096;cpu=4096;mem=64M;node=64,billing=8192;cpu=8192;node=64,,,SchedMain,,,
58707,29168,3147,ven113_hpl,ven113,mcmahon,60,2021-10-11T17:23:13,2021-10-11T17:23:15,2021-10-11T17:31:37,NODE_FAIL,0:0,,,1,2021-10-11T17:23:13,,00:00:00,4112384,502,,,,normal,0,/autofs/nccs-svm1_home1/mcmahon/rocHPL.lockhart440/run_scripts_rowmajor,,,,,,,batch,None,00:00:00,64,,,0:0,,,64M,64,64,00:00:02,8192,8192,00:00:00,4096,00:00:00,,,billing=4096;cpu=4096;mem=64M;node=64,billing=8192;cpu=8192;node=64,,,SchedMain,,,
58707,29168,3148,ven113_hpl,ven113,mcmahon,60,2021-10-11T17:23:15,2021-10-11T17:23:16,2021-10-11T17:31:37,NODE_FAIL,0:0,,,1,2021-10-11T17:23:15,,00:00:00,4104192,501,,,,normal,0,/autofs/nccs-svm1_home1/mcmahon/rocHPL.lockhart440/run_scripts_rowmajor,,,,,,,batch,None,00:00:00,64,,,0:0,,,64M,64,64,00:00:01,4096,8192,00:00:00,4096,00:00:00,,,billing=4096;cpu=4096;mem=64M;node=64,billing=8192;cpu=8192;node=64,,,SchedMain,,,
58707,29168,3149,ven113_hpl,ven113,mcmahon,60,2021-10-11T17:23:17,2021-10-11T17:23:19,2021-10-11T18:23:19,TIMEOUT,0:0,,,1,2021-10-11T17:23:17,,00:00:00,29491200,3600,,,,normal,0,/autofs/nccs-svm1_home1/mcmahon/rocHPL.lockhart440/run_scripts_rowmajor,,,,,,,batch,None,00:00:00,64,,,0:0,,,64M,64,64,00:00:02,8192,8192,00:00:00,4096,00:00:00,,,billing=4096;cpu=4096;mem=64M;node=64,billing=8192;cpu=8192;node=64,,,SchedMain,,,
58707,29168,3150,ven113_hpl,ven113,mcmahon,60,2021-10-11T17:23:19,2021-10-11T17:23:22,2021-10-11T17:53:46,COMPLETED,0:0,,,1,2021-10-11T17:23:19,,00:00:00,14942208,1824,,,,normal,0,/autofs/nccs-svm1_home1/mcmahon/rocHPL.lockhart440/run_scripts_rowmajor,,,,,,,batch,None,00:00:00,64,,,0:15,,,64M,64,64,00:00:03,12288,8192,00:00:00,4096,00:00:00,,,billing=4096;cpu=4096;mem=64M;node=64,billing=8192;cpu=8192;node=64,,,SchedMain,,,
58707,29168,3151,ven113_hpl,ven113,mcmahon,60,2021-10-11T17:23:21,2021-10-11T17:23:22,2021-10-11T18:23:49,TIMEOUT,0:0,,,1,2021-10-11T17:23:21,,00:00:00,29712384,3627,,,,normal,0,/autofs/nccs-svm1_home1/mcmahon/rocHPL.lockhart440/run_scripts_rowmajor,,,,,,,batch,None,00:00:00,64,,,0:0,,,64M,64,64,00:00:01,4096,8192,00:00:00,4096,00:00:00,,,billing=4096;cpu=4096;mem=64M;node=64,billing=8192;cpu=8192;node=64,,,SchedMain,,,
58707,29168,3152,ven113_hpl,ven113,mcmahon,60,2021-10-11T17:23:23,2021-10-11T17:23:25,2021-10-11T17:30:15,COMPLETED,0:0,,,1,2021-10-11T17:23:23,,00:00:00,3358720,410,,,,normal,0,/autofs/nccs-svm1_home1/mcmahon/rocHPL.lockhart440/run_scripts_rowmajor,,,,,,,batch,None,00:00:00,64,,,0:15,,,64M,64,64,00:00:02,8192,8192,00:00:00,4096,00:00:00,,,billing=4096;cpu=4096;mem=64M;node=64,billing=8192;cpu=8192;node=64,,,SchedMain,,,
58707,29168,3153,ven113_hpl,ven113,mcmahon,60,2021-10-11T17:23:25,2021-10-11T17:23:28,2021-10-11T17:40:06,COMPLETED,0:0,,,1,2021-10-11T17:23:25,,00:00:00,8175616,998,,,,normal,0,/autofs/nccs-svm1_home1/mcmahon/rocHPL.lockhart440/run_scripts_rowmajor,,,,,,,batch,None,00:00:00,64,,,0:15,,,64M,64,64,00:00:03,12288,8192,00:00:00,4096,00:00:00,,,billing=4096;cpu=4096;mem=64M;node=64,billing=8192;cpu=8192;node=64,,,SchedMain,,,
58707,29168,3154,ven113_hpl,ven113,mcmahon,60,2021-10-11T17:23:27,2021-10-11T17:23:28,2021-10-11T18:23:49,TIMEOUT,0:0,,,1,2021-10-11T17:23:27,,00:00:00,29663232,3621,,,,normal,0,/autofs/nccs-svm1_home1/mcmahon/rocHPL.lockhart440/run_scripts_rowmajor,,,,,,,batch,None,00:00:00,64,,,0:0,,,64M,64,64,00:00:01,4096,8192,00:00:00,4096,00:00:00,,,billing=4096;cpu=4096;mem=64M;node=64,billing=8192;cpu=8192;node=64,,,SchedMain,,,
58707,29168,3155,ven113_hpl,ven113,mcmahon,60,2021-10-11T17:23:45,2021-10-11T17:23:46,2021-10-11T17:24:14,COMPLETED,0:0,,,1,2021-10-11T17:23:45,,00:00:00,229376,28,,,,normal,0,/autofs/nccs-svm1_home1/mcmahon/rocHPL.lockhart440/run_scripts_rowmajor,,,,,,,batch,None,00:00:00,64,,,0:15,,,64M,64,64,00:00:01,4096,8192,00:00:00,4096,00:00:00,,,billing=4096;cpu=4096;mem=64M;node=64,billing=8192;cpu=8192;node=64,,,SchedMain,,,
58707,29168,3156,ven113_hpl,ven113,mcmahon,60,2021-10-11T17:23:47,2021-10-11T17:23:48,2021-10-11T17:24:20,COMPLETED,0:0,,,1,2021-10-11T17:23:47,,00:00:00,262144,32,,,,normal,0,/autofs/nccs-svm1_home1/mcmahon/rocHPL.lockhart440/run_scripts_rowmajor,,,,,,,batch,None,00:00:00,64,,,0:15,,,64M,64,64,00:00:01,4096,8192,00:00:00,4096,00:00:00,,,billing=4096;cpu=4096;mem=64M;node=64,billing=8192;cpu=8192;node=64,,,SchedMain,,,
58707,29168,3157,ven113_hpl,ven113,mcmahon,60,2021-10-11T17:23:48,2021-10-11T17:23:49,2021-10-11T17:24:08,COMPLETED,0:0,,,1,2021-10-11T17:23:48,,00:00:00,155648,19,,,,normal,0,/autofs/nccs-svm1_home1/mcmahon/rocHPL.lockhart440/run_scripts_rowmajor,,,,,,,batch,None,00:00:00,64,,,0:15,,,64M,64,64,00:00:01,4096,8192,00:00:00,4096,00:00:00,,,billing=4096;cpu=4096;mem=64M;node=64,billing=8192;cpu=8192;node=64,,,SchedMain,,,
58707,29168,3158,ven113_hpl,ven113,mcmahon,60,2021-10-11T17:24:05,2021-10-11T17:24:06,2021-10-11T17:24:46,COMPLETED,0:0,,,1,2021-10-11T17:24:05,,00:00:00,327680,40,,,,normal,0,/autofs/nccs-svm1_home1/mcmahon/rocHPL.lockhart440/run_scripts_rowmajor,,,,,,,batch,None,00:00:00,64,,,0:15,,,64M,64,64,00:00:01,4096,8192,00:00:00,4096,00:00:00,,,billing=4096;cpu=4096;mem=64M;node=64,billing=8192;cpu=8192;node=64,,,SchedMain,,,
58707,29168,3159,ven113_hpl,ven113,mcmahon,60,2021-10-11T17:24:06,2021-10-11T17:24:09,2021-10-11T18:17:04,COMPLETED,0:0,,,1,2021-10-11T17:24:06,,00:00:00,26009600,3175,,,,normal,0,/autofs/nccs-svm1_home1/mcmahon/rocHPL.lockhart440/run_scripts_rowmajor,,,,,,,batch,None,00:00:00,64,,,0:15,,,64M,64,64,00:00:03,12288,8192,00:00:00,4096,00:00:00,,,billing=4096;cpu=4096;mem=64M;node=64,billing=8192;cpu=8192;node=64,,,SchedMain,,,
58584,100,3160,users,ven113,hpl_build,60,2021-10-11T17:24:44,2021-10-11T17:24:44,2021-10-11T17:24:54,COMPLETED,0:0,,,1,2021-10-11T17:24:44,,00:00:00,1280,10,,,,normal,0,/autofs/nccs-svm1_home1/jbaron/rocHPL.frankenstein421_rocm4.4,,,,,,,batch,None,00:00:00,1,,,0:0,,,1M,1,1,00:00:00,0,128,00:00:00,64,00:00:00,,,billing=64;cpu=64;mem=1M;node=1,billing=128;cpu=128;node=1,,,SchedMain,,,
58707,29168,3161,ven113_hpl,ven113,mcmahon,60,2021-10-11T17:24:46,2021-10-11T17:24:46,2021-10-11T17:25:26,COMPLETED,0:0,,,1,2021-10-11T17:24:46,,00:00:00,327680,40,,,,normal,0,/autofs/nccs-svm1_home1/mcmahon/rocHPL.lockhart440/run_scripts_rowmajor,,,,,,,batch,None,00:00:00,64,,,0:15,,,64M,64,64,00:00:00,0,8192,00:00:00,4096,00:00:00,,,billing=4096;cpu=4096;mem=64M;node=64,billing=8192;cpu=8192;node=64,,,SchedMain,,,
